,base_game_name,clock_speed,information_policy,game_name,potential,seed,run_name,experiment,alg,walltime,approx_nash_conv,total_entropy,p0_utility,p0_payment,p0_total_entropies,p1_utility,p1_payment,p1_total_entropies,total_welfare,total_revenue,auction_lengths,common_allocations,avg_history_entropy
0,jun9_0,0.3,SHOW_DEMAND,jun9/jun9_0_base.json,None,100,jun9_jun9_0_base-ppo_may31_23ppo_76-100,jun10ppo,PPO,29461.50751900673,,0.0,73.2684357450215,57.531928509956984,0.0,182.53418929250475,106.3111944761333,0.0,419.64574802361653,163.84312298609026,4.00530371259882,"[((0, 4), 2486), ((0, 1), 2482), ((0, 0), 1277), ((1, 2), 1272), ((0, 2), 1240)]",0.3465200303959808
1,jun9_0,0.3,SHOW_DEMAND,jun9/jun9_0_base.json,None,102,jun9_jun9_0_base-ppo_may31_23ppo_76-102,jun10ppo,PPO,27360.595574378967,,0.0,75.63536936468233,65.76976520260132,0.0,190.3749847723862,103.72542543271638,0.0,435.5055447723862,169.4951906353177,4.48264132066033,"[((0, 4), 3803), ((0, 1), 1940), ((0, 0), 1811), ((1, 0), 1222), ((1, 4), 1219)]",0.6025761808191292
2,jun9_0,0.3,SHOW_DEMAND,jun9/jun9_0_base.json,None,101,jun9_jun9_0_base-ppo_may31_23ppo_76-101,jun10ppo,PPO,28642.26771903038,,0.0,74.69515977184027,67.18652941058743,0.0,181.7194053037126,93.46038054638248,0.0,417.0614750325227,160.64690995696992,4.226858801160812,"[((0, 1), 3173), ((0, 4), 2557), ((0, 3), 1248), ((1, 1), 1223), ((1, 3), 1219)]",0.602616368739
3,jun9_0,0.3,SHOW_DEMAND,jun9/jun9_0_base.json,None,100,jun9_jun9_0_base-cfr_outcomemccfr_outcome-100,jun10outcome,cfr_outcome,22658.64160346985,,0.0,80.53491414848908,79.28722713628177,0.0,172.91772591554934,88.95199191514911,0.0,421.6918591154693,168.2392190514309,4.499399639783871,"[((0, 4), 3767), ((0, 2), 1876), ((0, 1), 1861), ((1, 4), 1229), ((1, 1), 640)]",0.6930995452443225
4,jun9_0,0.3,SHOW_DEMAND,jun9/jun9_0_base.json,None,102,jun9_jun9_0_base-cfr_outcomemccfr_outcome-102,jun10outcome,cfr_outcome,20027.888800144196,,0.0,79.17998471541463,82.03441960588178,0.0,184.63910101030305,74.73297061118336,0.0,420.58647594278284,156.76739021706513,3.737221166349905,"[((0, 4), 3780), ((0, 2), 2564), ((1, 4), 1232), ((0, 1), 1214), ((1, 2), 1207)]",0.5196029927611171
5,jun9_0,0.3,SHOW_DEMAND,jun9/jun9_0_base.json,None,101,jun9_jun9_0_base-cfr_outcomemccfr_outcome-101,jun10outcome,cfr_outcome,21792.462747097015,,0.0,79.55306730711497,72.75877898528972,0.0,179.979830681477,91.26682197538277,0.0,423.5584989492645,164.02560096067245,4.2431702191534075,"[((0, 4), 3777), ((0, 1), 3774), ((1, 4), 1234), ((1, 1), 1208)]",0.5196028256988133
6,jun9_0,0.45,SHOW_DEMAND,jun9/jun9_0_medium_speed.json,None,101,jun9_jun9_0_medium_speed-ppo_may31_23ppo_76-101,jun10ppo,PPO,28502.627454519272,,0.0,66.88742595557335,79.9568085851511,0.0,147.6507179707825,114.84706069641786,0.0,409.3420132079247,194.80386928156892,4.50310186111667,"[((0, 2), 4966), ((0, 1), 1278), ((0, 4), 1275), ((1, 4), 1238), ((1, 1), 1237)]",0.34651327021336875
7,jun9_0,0.45,SHOW_DEMAND,jun9/jun9_0_medium_speed.json,None,102,jun9_jun9_0_medium_speed-ppo_may31_23ppo_76-102,jun10ppo,PPO,28875.549527168274,,0.0,66.77164708825295,83.47097448469081,0.0,146.56783764258554,111.35342711626977,0.0,408.1638863317992,194.82440160096058,4.50310186111667,"[((0, 2), 5598), ((0, 4), 1247), ((1, 4), 1220), ((1, 1), 654), ((0, 1), 654)]",0.5197830423070605
8,jun9_0,0.45,SHOW_DEMAND,jun9/jun9_0_medium_speed.json,None,100,jun9_jun9_0_medium_speed-ppo_may31_23ppo_76-100,jun10ppo,PPO,28324.01322197914,,0.0,66.82623984390634,83.47097448469081,0.0,146.57285265159095,111.35342711626977,0.0,408.2234940964579,194.82440160096058,4.50310186111667,"[((0, 2), 5598), ((0, 4), 1247), ((1, 4), 1220), ((1, 1), 654), ((0, 1), 654)]",0.5197830423070605
9,jun9_0,0.45,SHOW_DEMAND,jun9/jun9_0_medium_speed.json,None,101,jun9_jun9_0_medium_speed-cfr_outcomemccfr_outcome-101,jun10outcome,cfr_outcome,19810.41583967209,,0.0,64.14212015209125,79.8952022413448,0.0,164.26398857314388,125.3111525115069,0.0,433.61246347808674,205.20635475285172,4.25435261156694,"[((0, 4), 3759), ((0, 1), 2482), ((0, 0), 1277), ((1, 4), 1239), ((1, 0), 1237)]",0.3465176963987159
10,jun9_0,0.45,SHOW_DEMAND,jun9/jun9_0_medium_speed.json,None,100,jun9_jun9_0_medium_speed-cfr_outcomemccfr_outcome-100,jun10outcome,cfr_outcome,18787.67808699608,,0.0,64.49622813688212,100.65010766459876,0.0,174.66671074644788,79.47712355413248,0.0,419.2901701020612,180.12723121873123,3.259055433259956,"[((0, 4), 3759), ((0, 2), 3755), ((1, 2), 1243), ((1, 4), 1237)]",0.3465329693824831
11,jun9_0,0.45,SHOW_DEMAND,jun9/jun9_0_medium_speed.json,None,102,jun9_jun9_0_medium_speed-cfr_outcomemccfr_outcome-102,jun10outcome,cfr_outcome,19263.34776711464,,0.0,66.47614491593274,90.59789831865491,0.0,163.29849819855886,102.0367379903923,0.0,422.4092794235388,192.6346363090472,3.762409927942354,"[((0, 4), 3768), ((0, 1), 3093), ((1, 4), 1223), ((1, 1), 655), ((0, 2), 631)]",0.5197902107545632
12,jun9_0,0.6,SHOW_DEMAND,jun9/jun9_0_high_speed.json,None,100,jun9_jun9_0_high_speed-ppo_may31_23ppo_76-100,jun10ppo,PPO,27313.521584272385,,0.0,48.264910946567916,105.13567340404246,0.0,106.22321216730032,164.3018668801281,0.0,423.9256633980388,269.4375402841706,4.50310186111667,"[((0, 1), 3760), ((0, 4), 3759), ((1, 4), 1238), ((1, 1), 1237)]",0.34651327021336875
13,jun9_0,0.6,SHOW_DEMAND,jun9/jun9_0_high_speed.json,None,102,jun9_jun9_0_high_speed-ppo_may31_23ppo_76-102,jun10ppo,PPO,27859.549831867218,,0.0,44.19819125562778,116.95598583291651,0.0,130.1293621210605,132.42208560280145,0.0,423.7056248124062,249.37807143571794,4.004602301150575,"[((0, 4), 3766), ((0, 3), 1873), ((1, 4), 1232), ((0, 0), 1220), ((0, 1), 644)]",0.6930949610488369
14,jun9_0,0.6,SHOW_DEMAND,jun9/jun9_0_high_speed.json,None,101,jun9_jun9_0_high_speed-ppo_may31_23ppo_76-101,jun10ppo,PPO,28652.916645526886,,0.0,47.696826493246604,109.34638711355682,0.0,117.49240764382189,148.11508410205107,0.0,422.6507053526763,257.46147121560784,4.258629314657329,"[((0, 4), 3770), ((0, 1), 3097), ((1, 4), 1219), ((1, 1), 655), ((0, 2), 632)]",0.5197835364315184
15,jun9_0,0.6,SHOW_DEMAND,jun9/jun9_0_high_speed.json,None,101,jun9_jun9_0_high_speed-cfr_outcomemccfr_outcome-101,jun10outcome,cfr_outcome,20496.53866147995,,0.0,43.42488844422209,100.57557578789395,0.0,112.8337844122061,152.1962506053027,0.0,409.0304992496249,252.77182639319665,4.258629314657329,"[((0, 1), 3097), ((0, 4), 2522), ((1, 2), 1870), ((0, 2), 1851), ((1, 1), 655)]",0.5197835364315184
16,jun9_0,0.6,SHOW_DEMAND,jun9/jun9_0_high_speed.json,None,100,jun9_jun9_0_high_speed-cfr_outcomemccfr_outcome-100,jun10outcome,cfr_outcome,18300.30059170723,,0.0,47.60047015507752,109.52945080540273,0.0,144.85098741370686,120.31168992496252,0.0,422.29259829914963,229.8411407303652,3.510655327663832,"[((0, 4), 3769), ((0, 1), 3092), ((1, 4), 1224), ((1, 1), 657), ((0, 2), 630)]",0.5197869897911169
17,jun9_0,0.6,SHOW_DEMAND,jun9/jun9_0_high_speed.json,None,102,jun9_jun9_0_high_speed-cfr_outcomemccfr_outcome-102,jun10outcome,cfr_outcome,18648.472838401794,,0.0,47.496184947958355,102.03050440352284,0.0,148.87135148118492,135.53693514811852,0.0,433.93497598078454,237.56743955164137,3.762409927942354,"[((0, 4), 3768), ((0, 0), 2442), ((1, 4), 1223), ((1, 1), 655), ((0, 1), 651)]",0.5197902107545632
18,jun9_1,0.3,SHOW_DEMAND,jun9/jun9_1_base.json,None,102,jun9_jun9_1_base-ppo_may31_23ppo_76-102,jun10ppo,PPO,25360.48222374916,,0.0,49.79512594962014,62.85541783286685,0.0,55.00854598160736,58.11179788084767,0.0,225.770887644942,120.96721571371452,2.247800879648141,"[((2, 0), 4994), ((1, 2), 2532), ((1, 0), 2478)]",0.0
19,jun9_1,0.3,SHOW_DEMAND,jun9/jun9_1_base.json,None,101,jun9_jun9_1_base-ppo_may31_23ppo_76-101,jun10ppo,PPO,25963.753755807877,,0.0,41.33249529905981,71.50495619123826,0.0,55.17615623124626,58.06328365673134,0.0,226.0768913782757,129.56823984796958,2.7524504900980196,"[((2, 0), 4996), ((1, 2), 2532), ((1, 0), 2470)]",0.0
20,jun9_1,0.3,SHOW_DEMAND,jun9/jun9_1_base.json,None,100,jun9_jun9_1_base-ppo_may31_23ppo_76-100,jun10ppo,PPO,26036.222828388214,,0.0,41.30210522104421,71.50495619123826,0.0,55.17615623124626,58.06328365673134,0.0,226.0465013002601,129.56823984796958,2.7524504900980196,"[((2, 0), 4996), ((1, 2), 2532), ((1, 0), 2470)]",0.0
21,jun9_1,0.3,SHOW_DEMAND,jun9/jun9_1_base.json,None,101,jun9_jun9_1_base-cfr_outcomemccfr_outcome-101,jun10outcome,cfr_outcome,10969.75195145607,,0.0,51.683214928957376,62.87844606764059,0.0,45.65785971582951,45.31520812487493,0.0,205.53472883730237,108.19365419251552,1.9982989793876327,"[((1, 2), 2525), ((2, 0), 2506), ((1, 1), 2489), ((1, 0), 2474)]",0.0
22,jun9_1,0.3,SHOW_DEMAND,jun9/jun9_1_base.json,None,102,jun9_jun9_1_base-cfr_outcomemccfr_outcome-102,jun10outcome,cfr_outcome,11500.526253938675,,0.0,50.330711715313875,62.39984006397442,0.0,52.043547980807666,55.835228508596565,0.0,220.60932826869254,118.23506857257097,2.247800879648141,"[((2, 0), 4994), ((1, 2), 2532), ((1, 0), 2478)]",0.0
23,jun9_1,0.3,SHOW_DEMAND,jun9/jun9_1_base.json,None,100,jun9_jun9_1_base-cfr_outcomemccfr_outcome-100,jun10outcome,cfr_outcome,11310.053984642029,,0.0,51.11583149889933,44.97495497298379,0.0,46.92378427056234,38.76166700020012,0.0,181.7762377426456,83.73662197318393,1.7495497298379028,"[((0, 2), 2529), ((2, 0), 2503), ((0, 1), 2489), ((1, 0), 2473)]",0.0
24,jun9_1,0.45,SHOW_DEMAND,jun9/jun9_1_medium_speed.json,None,101,jun9_jun9_1_medium_speed-ppo_may31_23ppo_76-101,jun10ppo,PPO,26215.026616811752,,0.0,47.16349860055978,65.48704518192721,0.0,45.76149287784887,67.35885098460616,0.0,225.770887644942,132.84589616653338,2.247800879648141,"[((2, 0), 4994), ((1, 2), 2532), ((1, 0), 2478)]",0.0
25,jun9_1,0.45,SHOW_DEMAND,jun9/jun9_1_medium_speed.json,None,102,jun9_jun9_1_medium_speed-ppo_may31_23ppo_76-102,jun10ppo,PPO,25496.21462035179,,0.0,47.16349860055978,65.48704518192721,0.0,45.76149287784887,67.35885098460616,0.0,225.770887644942,132.84589616653338,2.247800879648141,"[((2, 0), 4994), ((1, 2), 2532), ((1, 0), 2478)]",0.0
26,jun9_1,0.45,SHOW_DEMAND,jun9/jun9_1_medium_speed.json,None,100,jun9_jun9_1_medium_speed-ppo_may31_23ppo_76-100,jun10ppo,PPO,25960.186413764954,,0.0,47.13312674930029,65.48704518192721,0.0,45.76149287784887,67.35885098460616,0.0,225.74051579368253,132.84589616653338,2.247800879648141,"[((2, 0), 4994), ((1, 2), 2532), ((1, 0), 2478)]",0.0
27,jun9_1,0.45,SHOW_DEMAND,jun9/jun9_1_medium_speed.json,None,102,jun9_jun9_1_medium_speed-cfr_outcomemccfr_outcome-102,jun10outcome,cfr_outcome,11213.57916212082,,0.0,52.1764788873324,71.66847608565138,0.0,40.857479487692615,39.60163598158894,0.0,204.30407044226538,111.27011206724032,1.7495497298379028,"[((1, 2), 2529), ((2, 0), 2503), ((2, 1), 2489), ((1, 0), 2473)]",0.0
28,jun9_1,0.45,SHOW_DEMAND,jun9/jun9_1_medium_speed.json,None,101,jun9_jun9_1_medium_speed-cfr_outcomemccfr_outcome-101,jun10outcome,cfr_outcome,10989.124985218048,,0.0,47.139677806684006,65.47939763858317,0.0,54.72435711426857,58.4042680608365,0.0,225.74770062037223,123.88366569941962,1.9982989793876327,"[((2, 0), 4995), ((1, 2), 2525), ((1, 0), 2474)]",0.0
29,jun9_1,0.45,SHOW_DEMAND,jun9/jun9_1_medium_speed.json,None,100,jun9_jun9_1_medium_speed-cfr_outcomemccfr_outcome-100,jun10outcome,cfr_outcome,8946.489167451859,,0.0,54.46173952185656,60.059052715814744,0.0,44.51910073021907,35.95722216664999,0.0,194.99711513454037,96.01627488246473,1.496148844653396,"[((1, 2), 2528), ((2, 0), 2509), ((1, 1), 2489), ((1, 0), 2471)]",0.0
30,jun9_1,0.6,SHOW_DEMAND,jun9/jun9_1_high_speed.json,None,101,jun9_jun9_1_high_speed-ppo_may31_23ppo_76-101,jun10ppo,PPO,24790.70953297615,,0.0,51.175337202321394,80.78222933760257,0.0,47.48325795477287,51.24774064438664,0.0,230.68856513908347,132.0299699819892,1.9982989793876327,"[((2, 0), 7469), ((1, 2), 2525)]",0.0
31,jun9_1,0.6,SHOW_DEMAND,jun9/jun9_1_high_speed.json,None,102,jun9_jun9_1_high_speed-ppo_may31_23ppo_76-102,jun10ppo,PPO,25556.25830245018,,0.0,44.51133079847908,68.10774464678809,0.0,49.22620372223335,63.92222533520113,0.0,225.76750450270166,132.0299699819892,1.9982989793876327,"[((2, 0), 4995), ((1, 2), 2525), ((1, 0), 2474)]",0.0
32,jun9_1,0.6,SHOW_DEMAND,jun9/jun9_1_high_speed.json,None,100,jun9_jun9_1_high_speed-ppo_may31_23ppo_76-100,jun10ppo,PPO,26652.530483722687,,0.0,51.175337202321394,80.78222933760257,0.0,47.48325795477287,51.24774064438664,0.0,230.68856513908347,132.0299699819892,1.9982989793876327,"[((2, 0), 7469), ((1, 2), 2525)]",0.0
33,jun9_1,0.6,SHOW_DEMAND,jun9/jun9_1_high_speed.json,None,102,jun9_jun9_1_high_speed-cfr_outcomemccfr_outcome-102,jun10outcome,cfr_outcome,10080.984936952591,,0.0,44.4469641785071,68.12055233139884,0.0,58.2676686011607,54.82937762657594,0.0,225.6645627376426,122.94992995797479,1.7495497298379028,"[((2, 0), 4992), ((1, 2), 2529), ((1, 0), 2473)]",0.0
34,jun9_1,0.6,SHOW_DEMAND,jun9/jun9_1_high_speed.json,None,100,jun9_jun9_1_high_speed-cfr_outcomemccfr_outcome-100,jun10outcome,cfr_outcome,9297.933060884476,,0.0,50.1954866459938,62.35342602780835,0.0,57.222962888866654,45.42206661998599,0.0,215.19394218265478,107.77549264779435,1.496148844653396,"[((2, 0), 4998), ((1, 2), 2528), ((1, 0), 2471)]",0.0
35,jun9_1,0.6,SHOW_DEMAND,jun9/jun9_1_high_speed.json,None,101,jun9_jun9_1_high_speed-cfr_outcomemccfr_outcome-101,jun10outcome,cfr_outcome,9391.395608663559,,0.0,44.4469641785071,68.12055233139884,0.0,57.732955773464084,50.12785671402842,0.0,220.4283289973984,118.24840904542727,1.7495497298379028,"[((2, 0), 4992), ((1, 2), 2529), ((1, 0), 2473)]",0.0
36,jun9_2,0.3,SHOW_DEMAND,jun9/jun9_2_base.json,None,102,jun9_jun9_2_base-ppo_may31_23ppo_76-102,jun10ppo,PPO,31337.24250483513,,0.0,56.05207184310586,80.65454812887732,0.0,174.47954452671604,120.70033540124076,0.0,431.88649989994,201.3548835301181,4.2444466680008,"[((0, 3), 4935), ((0, 0), 2507), ((1, 3), 1293), ((2, 3), 1259)]",0.5197465667701473
37,jun9_2,0.3,SHOW_DEMAND,jun9/jun9_2_base.json,None,101,jun9_jun9_2_base-ppo_may31_23ppo_76-101,jun10ppo,PPO,31103.006511688232,,0.0,42.33288801280767,94.37373195917552,0.0,171.80208188913346,123.42906479887935,0.0,431.937766659996,217.8027967580549,4.2444466680008,"[((0, 3), 4935), ((0, 0), 2507), ((1, 3), 1293), ((2, 3), 1259)]",0.5197465667701473
38,jun9_2,0.3,SHOW_DEMAND,jun9/jun9_2_base.json,None,100,jun9_jun9_2_base-ppo_may31_23ppo_76-100,jun10ppo,PPO,32381.543639183044,,0.0,56.05207184310586,80.65454812887732,0.0,174.47954452671604,120.70033540124076,0.0,431.88649989994,201.3548835301181,4.2444466680008,"[((0, 3), 4935), ((0, 0), 2507), ((1, 3), 1293), ((2, 3), 1259)]",0.5197465667701473
39,jun9_2,0.3,SHOW_DEMAND,jun9/jun9_2_base.json,None,100,jun9_jun9_2_base-cfr_outcomemccfr_outcome-100,jun10outcome,cfr_outcome,35270.6629383564,,0.0,55.82642957182873,54.96374649859945,0.0,185.04272669067626,133.36331172468988,0.0,429.19621448579426,188.32705822328933,3.49249699879952,"[((0, 3), 3708), ((1, 3), 2534), ((0, 0), 2500), ((0, 1), 1254)]",0.3465180743658823
40,jun9_2,0.3,SHOW_DEMAND,jun9/jun9_2_base.json,None,101,jun9_jun9_2_base-cfr_outcomemccfr_outcome-101,jun10outcome,cfr_outcome,30183.40353178978,,0.0,55.249506000000004,50.91829,0.0,215.2611088,129.3750432,0.0,450.80394799999993,180.2933332,3.2449,"[((0, 0), 3760), ((0, 3), 3694), ((1, 3), 2546)]",0.17312947663246242
41,jun9_2,0.3,SHOW_DEMAND,jun9/jun9_2_base.json,None,102,jun9_jun9_2_base-cfr_outcomemccfr_outcome-102,jun10outcome,cfr_outcome,24493.10756444931,,0.0,84.7162977786672,65.92831699019412,0.0,160.69881729037428,73.24557734640786,0.0,384.58900940564337,139.17389433660196,1.7527516509905943,"[((1, 3), 2530), ((0, 1), 2510), ((2, 0), 2483), ((0, 3), 2471)]",0.0
42,jun9_2,0.45,SHOW_DEMAND,jun9/jun9_2_medium_speed.json,None,101,jun9_jun9_2_medium_speed-ppo_may31_23ppo_76-101,jun10ppo,PPO,32573.25444793701,,0.0,52.740709525715424,99.72000290174105,0.0,142.5462435961577,148.88201736041626,0.0,443.88897338403046,248.60202026215734,3.9986992195317193,"[((0, 3), 3708), ((2, 3), 2537), ((0, 0), 2495), ((0, 2), 1254)]",0.34652267587395164
43,jun9_2,0.45,SHOW_DEMAND,jun9/jun9_2_medium_speed.json,None,102,jun9_jun9_2_medium_speed-ppo_may31_23ppo_76-102,jun10ppo,PPO,30714.820152282715,,0.0,47.00067326930772,45.63392857142857,0.0,166.1727655062025,167.82703841536613,0.0,426.6344057623049,213.46096698679474,3.49249699879952,"[((0, 3), 6242), ((0, 0), 2500), ((0, 2), 1254)]",0.3465180743658823
44,jun9_2,0.45,SHOW_DEMAND,jun9/jun9_2_medium_speed.json,None,100,jun9_jun9_2_medium_speed-ppo_may31_23ppo_76-100,jun10ppo,PPO,32390.73909664154,,0.0,46.28280696487541,106.17339637746423,0.0,132.22403272290603,159.3469149404583,0.0,444.027151005704,265.52031131792256,4.247973581507055,"[((0, 3), 3706), ((2, 3), 2535), ((0, 0), 2496), ((0, 2), 1256)]",0.3465091860422078
45,jun9_2,0.45,SHOW_DEMAND,jun9/jun9_2_medium_speed.json,None,100,jun9_jun9_2_medium_speed-cfr_outcomemccfr_outcome-100,jun10outcome,cfr_outcome,22248.0765478611,,0.0,65.39275772422756,60.79607539246075,0.0,199.8049880011999,107.1451609839016,0.0,433.1389821017898,167.94123637636238,2.2513748625137486,"[((0, 3), 4962), ((1, 3), 2529), ((0, 0), 2510)]",0.0
46,jun9_2,0.45,SHOW_DEMAND,jun9/jun9_2_medium_speed.json,None,101,jun9_jun9_2_medium_speed-cfr_outcomemccfr_outcome-101,jun10outcome,cfr_outcome,21790.90456008911,,0.0,51.13705970597059,54.9612101210121,0.0,192.91860496049605,151.7268195819582,0.0,450.743694369437,206.6880297029703,2.9984998499849986,"[((0, 0), 3762), ((0, 3), 3691), ((1, 3), 2546)]",0.1731220625454789
47,jun9_2,0.45,SHOW_DEMAND,jun9/jun9_2_medium_speed.json,None,102,jun9_jun9_2_medium_speed-cfr_outcomemccfr_outcome-102,jun10outcome,cfr_outcome,21091.654923915863,,0.0,56.290293588076416,70.04589926978093,0.0,185.704800190057,121.53800065019504,0.0,433.57899369810946,191.583899919976,2.750625187556267,"[((0, 3), 4962), ((1, 3), 2526), ((0, 0), 2509)]",0.0
48,jun9_2,0.6,SHOW_DEMAND,jun9/jun9_2_high_speed.json,None,101,jun9_jun9_2_high_speed-ppo_may31_23ppo_76-101,jun10ppo,PPO,30018.35687637329,,0.0,47.41004801920769,63.23028011204483,0.0,112.1405370148059,206.26550140056028,0.0,429.0463665466187,269.4957815126051,3.49249699879952,"[((0, 3), 3708), ((1, 3), 2534), ((0, 0), 2500), ((0, 1), 1254)]",0.3465180743658823
49,jun9_2,0.6,SHOW_DEMAND,jun9/jun9_2_high_speed.json,None,102,jun9_jun9_2_high_speed-ppo_may31_23ppo_76-102,jun10ppo,PPO,32862.838848114014,,0.0,59.69182354706411,82.2043453035911,0.0,148.29056316895065,138.73057917375215,0.0,428.91731119335793,220.93492447734323,2.4997499249774933,"[((1, 3), 2528), ((0, 0), 2510), ((2, 0), 2486), ((0, 3), 2473)]",0.0
50,jun9_2,0.6,SHOW_DEMAND,jun9/jun9_2_high_speed.json,None,100,jun9_jun9_2_high_speed-ppo_may31_23ppo_76-100,jun10ppo,PPO,32235.418895483017,,0.0,60.34167266906763,84.9889555822329,0.0,113.85429371748697,146.46396158463386,0.0,405.6488835534214,231.45291716686677,3.0004001600640255,"[((1, 3), 2561), ((0, 3), 2515), ((2, 0), 2380), ((0, 1), 1288), ((0, 0), 1252)]",0.1732616842490125
51,jun9_2,0.6,SHOW_DEMAND,jun9/jun9_2_high_speed.json,None,102,jun9_jun9_2_high_speed-cfr_outcomemccfr_outcome-102,jun10outcome,cfr_outcome,21964.690903663635,,0.0,51.98265012009607,89.98242594075263,0.0,169.67118494795835,117.31542033626903,0.0,428.95168134507605,207.29784627702162,2.752502001601281,"[((1, 3), 2529), ((0, 0), 2507), ((2, 0), 2483), ((0, 3), 2473)]",0.0
52,jun9_2,0.6,SHOW_DEMAND,jun9/jun9_2_high_speed.json,None,101,jun9_jun9_2_high_speed-cfr_outcomemccfr_outcome-101,jun10outcome,cfr_outcome,17449.15744781494,,0.0,61.119615731011706,73.99442809966979,0.0,195.59823476433505,98.80401080756532,0.0,429.5162894025817,172.79843890723504,2.002201541078755,"[((0, 3), 3690), ((1, 3), 2543), ((0, 0), 2462), ((2, 0), 1298)]",0.17312179933648397
53,jun9_2,0.6,SHOW_DEMAND,jun9/jun9_2_high_speed.json,None,100,jun9_jun9_2_high_speed-cfr_outcomemccfr_outcome-100,jun10outcome,cfr_outcome,21080.746687412262,,0.0,69.01090472377899,110.71658126501204,0.0,141.01778622898317,123.9084067253803,0.0,444.6536789431546,234.62498799039238,2.752502001601281,"[((2, 3), 2529), ((0, 0), 2507), ((2, 0), 2483), ((0, 3), 2473)]",0.0
54,jun9_3,0.3,SHOW_DEMAND,jun9/jun9_3_base.json,None,101,jun9_jun9_3_base-ppo_may31_23ppo_76-101,jun10ppo,PPO,19268.523926734924,,0.0,186.78838398718975,63.389694475580484,0.0,163.43143506805444,77.76609095276223,0.0,491.37560448358687,141.1557854283427,3.237790232185749,"[((2, 0), 5078), ((0, 1), 3628), ((1, 1), 1286)]",0.17326695457543667
55,jun9_3,0.3,SHOW_DEMAND,jun9/jun9_3_base.json,None,100,jun9_jun9_3_base-ppo_may31_23ppo_76-100,jun10ppo,PPO,20584.009080410004,,0.0,173.38401696017607,93.45911692015213,0.0,126.47491463878326,92.25459106463883,0.0,485.57263958375023,185.71370798479091,4.2444466680008,"[((2, 0), 3150), ((0, 1), 3123), ((2, 1), 1830), ((1, 1), 1231), ((0, 0), 660)]",0.6929773802558088
56,jun9_3,0.3,SHOW_DEMAND,jun9/jun9_3_base.json,None,102,jun9_jun9_3_base-ppo_may31_23ppo_76-102,jun10ppo,PPO,20376.23943710327,,0.0,186.80739119295433,63.389694475580484,0.0,163.43143506805444,77.76609095276223,0.0,491.39461168935145,141.1557854283427,3.237790232185749,"[((2, 0), 5078), ((0, 1), 3628), ((1, 1), 1286)]",0.17326695457543667
57,jun9_3,0.3,SHOW_DEMAND,jun9/jun9_3_base.json,None,100,jun9_jun9_3_base-cfr_outcomemccfr_outcome-100,jun10outcome,cfr_outcome,14925.108418941498,,0.0,210.22641928964478,109.05199191595801,0.0,138.37245334667332,58.08355465732869,0.0,515.7344192096049,167.1355465732867,3.994497248624312,"[((2, 0), 5025), ((0, 1), 2497), ((2, 1), 2473)]",0.3465092080160149
58,jun9_3,0.3,SHOW_DEMAND,jun9/jun9_3_base.json,None,101,jun9_jun9_3_base-cfr_outcomemccfr_outcome-101,jun10outcome,cfr_outcome,14888.954577922821,,0.0,170.8986675805483,104.73169863918355,0.0,109.37854449669801,84.02636644986994,0.0,469.03527716629975,188.75806508905353,4.492895737442465,"[((0, 1), 2539), ((2, 1), 2425), ((1, 1), 1904), ((2, 0), 1889), ((0, 0), 633)]",1.0383936882292464
59,jun9_3,0.3,SHOW_DEMAND,jun9/jun9_3_base.json,None,102,jun9_jun9_3_base-cfr_outcomemccfr_outcome-102,jun10outcome,cfr_outcome,10683.457305431366,,0.0,209.5377902321857,71.9113090472378,0.0,152.4879103282626,30.288690952762213,0.0,464.2257005604483,102.20000000000003,2.0,"[((2, 0), 5001), ((1, 1), 4991)]",0.0
60,jun9_3,0.45,SHOW_DEMAND,jun9/jun9_3_medium_speed.json,None,102,jun9_jun9_3_medium_speed-ppo_may31_23ppo_76-102,jun10ppo,PPO,19990.6335105896,,0.0,153.0565458206174,121.22634391322293,0.0,101.6960405443266,148.5743216730038,0.0,524.5532519511706,269.80066558622667,4.5036021612967785,"[((0, 1), 4366), ((2, 1), 3111), ((0, 0), 1882), ((2, 0), 635)]",0.5198203979800717
61,jun9_3,0.45,SHOW_DEMAND,jun9/jun9_3_medium_speed.json,None,100,jun9_jun9_3_medium_speed-ppo_may31_23ppo_76-100,jun10ppo,PPO,20253.56512618065,,0.0,164.11687544097776,109.95336074797338,0.0,128.6895131280024,121.44517061899518,0.0,524.2049199359489,231.3985313669686,4.002301841473178,"[((0, 1), 4370), ((2, 1), 3109), ((0, 0), 1881), ((2, 0), 632)]",0.5198246955090342
62,jun9_3,0.45,SHOW_DEMAND,jun9/jun9_3_medium_speed.json,None,101,jun9_jun9_3_medium_speed-ppo_may31_23ppo_76-101,jun10ppo,PPO,20474.78051686287,,0.0,193.17077506941666,108.19372763220433,0.0,114.46642516072143,96.2210993539874,0.0,512.0520272163297,204.41482698619174,3.755953572143286,"[((2, 1), 3110), ((1, 1), 2503), ((0, 0), 1880), ((0, 1), 1869), ((2, 0), 632)]",0.5198264844835977
63,jun9_3,0.45,SHOW_DEMAND,jun9/jun9_3_medium_speed.json,None,100,jun9_jun9_3_medium_speed-cfr_outcomemccfr_outcome-100,jun10outcome,cfr_outcome,12243.02095913887,,0.0,236.94245330165083,132.38828806903453,0.0,114.92697973986992,33.054098799399696,0.0,517.3118199099549,165.4423868684342,3.6161080540270136,"[((2, 0), 3771), ((1, 1), 3097), ((2, 1), 2527), ((1, 0), 600)]",0.25752559684052484
64,jun9_3,0.45,SHOW_DEMAND,jun9/jun9_3_medium_speed.json,None,101,jun9_jun9_3_medium_speed-cfr_outcomemccfr_outcome-101,jun10outcome,cfr_outcome,14944.97230887413,,0.0,153.01652180620874,121.22634391322293,0.0,131.91048120872523,118.28014516710024,0.0,524.4334920952571,239.50648908032323,4.5036021612967785,"[((0, 1), 4366), ((2, 1), 3111), ((0, 0), 1882), ((2, 0), 635)]",0.5198203979800717
65,jun9_3,0.45,SHOW_DEMAND,jun9/jun9_3_medium_speed.json,None,102,jun9_jun9_3_medium_speed-cfr_outcomemccfr_outcome-102,jun10outcome,cfr_outcome,12482.233884811401,,0.0,257.31002240000004,116.1187256,0.0,131.07671900000003,25.417485000000003,0.0,529.9229520000001,141.5362106,2.4976,"[((2, 0), 5007), ((1, 1), 2505), ((2, 1), 2488)]",0.0
66,jun9_3,0.6,SHOW_DEMAND,jun9/jun9_3_high_speed.json,None,100,jun9_jun9_3_high_speed-ppo_may31_23ppo_76-100,jun10ppo,PPO,20513.21487927437,,0.0,228.41974554910985,163.47889817963596,0.0,101.40474094818964,23.79841568313663,0.0,517.101800360072,187.27731386277262,3.2550510102020405,"[((2, 0), 3796), ((2, 1), 3701), ((1, 1), 2501)]",0.17328399631574123
67,jun9_3,0.6,SHOW_DEMAND,jun9/jun9_3_high_speed.json,None,101,jun9_jun9_3_high_speed-ppo_may31_23ppo_76-101,jun10ppo,PPO,20617.851797103882,,0.0,201.98639287501248,190.02130451315927,0.0,96.1080516361453,29.13754027819474,0.0,517.2532893025118,219.158844791354,3.4992494746322427,"[((2, 0), 3795), ((2, 1), 3701), ((1, 1), 2497)]",0.17328522204477737
68,jun9_3,0.6,SHOW_DEMAND,jun9/jun9_3_high_speed.json,None,102,jun9_jun9_3_high_speed-ppo_may31_23ppo_76-102,jun10ppo,PPO,20299.045367717743,,0.0,209.5946677338669,182.32915017508756,0.0,103.69303051525763,21.46089044522261,0.0,517.0777388694348,203.79004062031024,3.2491245622811404,"[((2, 0), 3797), ((2, 1), 3701), ((1, 1), 2497)]",0.17328522204477737
69,jun9_3,0.6,SHOW_DEMAND,jun9/jun9_3_high_speed.json,None,101,jun9_jun9_3_high_speed-cfr_outcomemccfr_outcome-101,jun10outcome,cfr_outcome,12528.468680858612,,0.0,197.76061870935465,148.4774243121561,0.0,121.56639519759881,55.31261630815408,0.0,523.1170545272636,203.79004062031024,3.2491245622811404,"[((0, 1), 5021), ((2, 1), 3701), ((2, 0), 1273)]",0.17328522204477737
70,jun9_3,0.6,SHOW_DEMAND,jun9/jun9_3_high_speed.json,None,100,jun9_jun9_3_high_speed-cfr_outcomemccfr_outcome-100,jun10outcome,cfr_outcome,12753.500325679779,,0.0,199.8373114491593,185.51302481985587,0.0,86.21427942353884,30.508562850280224,0.0,502.07317854283417,216.02158767013614,3.871096877502002,"[((2, 1), 3669), ((1, 1), 3194), ((2, 0), 2514), ((1, 0), 615)]",0.433696948645978
71,jun9_3,0.6,SHOW_DEMAND,jun9/jun9_3_high_speed.json,None,102,jun9_jun9_3_high_speed-cfr_outcomemccfr_outcome-102,jun10outcome,cfr_outcome,10846.026533842087,,0.0,258.9878206924154,114.34005203121878,0.0,131.19604962977786,25.231759055433262,0.0,529.7556814088455,139.57181108665202,2.2488493095857516,"[((2, 0), 5000), ((1, 1), 2507), ((2, 1), 2487)]",0.0
72,jun9_4,0.3,SHOW_DEMAND,jun9/jun9_4_base.json,None,100,jun9_jun9_4_base-ppo_may31_23ppo_76-100,jun10ppo,PPO,19662.27304792404,,0.0,124.76507298379028,68.47894542725635,0.0,113.89518937362415,65.43186285771465,0.0,372.57107064238545,133.910808284971,4.25435261156694,"[((0, 0), 3120), ((1, 0), 3084), ((1, 2), 1890), ((1, 1), 1274), ((0, 2), 626)]",0.519719007692619
73,jun9_4,0.3,SHOW_DEMAND,jun9/jun9_4_base.json,None,102,jun9_jun9_4_base-ppo_may31_23ppo_76-102,jun10ppo,PPO,20978.71949648857,,0.0,124.76507298379028,68.47894542725635,0.0,113.83554958975382,65.43186285771465,0.0,372.51143085851515,133.910808284971,4.25435261156694,"[((0, 0), 3120), ((1, 0), 3084), ((1, 2), 1890), ((1, 1), 1274), ((0, 2), 626)]",0.519719007692619
74,jun9_4,0.3,SHOW_DEMAND,jun9/jun9_4_base.json,None,101,jun9_jun9_4_base-ppo_may31_23ppo_76-101,jun10ppo,PPO,20069.947108983994,,0.0,124.76507298379028,68.47894542725635,0.0,113.87529743846305,65.43186285771465,0.0,372.5511787072244,133.910808284971,4.25435261156694,"[((0, 0), 3120), ((1, 0), 3084), ((1, 2), 1890), ((1, 1), 1274), ((0, 2), 626)]",0.519719007692619
75,jun9_4,0.3,SHOW_DEMAND,jun9/jun9_4_base.json,None,100,jun9_jun9_4_base-cfr_outcomemccfr_outcome-100,jun10outcome,cfr_outcome,12870.311475038528,,0.0,115.5431692184529,62.05482938056641,0.0,118.25982998098668,68.25908926248373,0.0,364.1169178424898,130.31391864305016,4.00440308215751,"[((0, 0), 3156), ((1, 0), 3133), ((1, 1), 2438), ((1, 2), 633), ((0, 2), 633)]",0.34657229208771334
76,jun9_4,0.3,SHOW_DEMAND,jun9/jun9_4_base.json,None,102,jun9_jun9_4_base-cfr_outcomemccfr_outcome-102,jun10outcome,cfr_outcome,12926.837306499481,,0.0,127.80392212548786,65.36118144701291,0.0,111.02693477434205,68.26553395376764,0.0,372.4575723006104,133.62671540078054,4.00530371259882,"[((0, 0), 3120), ((1, 0), 3084), ((1, 2), 1890), ((1, 1), 1272), ((0, 2), 627)]",0.5197218176275529
77,jun9_4,0.3,SHOW_DEMAND,jun9/jun9_4_base.json,None,101,jun9_jun9_4_base-cfr_outcomemccfr_outcome-101,jun10outcome,cfr_outcome,13366.753273487091,,0.0,127.86820286171705,65.37580354212528,0.0,108.17956800080049,71.09764232539524,0.0,372.521216730038,136.47344586752052,4.25435261156694,"[((0, 0), 3120), ((1, 0), 3084), ((1, 2), 1890), ((1, 1), 1274), ((0, 2), 626)]",0.519719007692619
78,jun9_4,0.45,SHOW_DEMAND,jun9/jun9_4_medium_speed.json,None,101,jun9_jun9_4_medium_speed-ppo_may31_23ppo_76-101,jun10ppo,PPO,20225.92134952545,,0.0,125.10210803562492,89.23344284999501,0.0,98.27700638446913,65.70309968978283,0.0,378.31565695987183,154.9365425397779,4.00530371259882,"[((1, 2), 2517), ((1, 0), 2486), ((0, 0), 2482), ((1, 1), 1272), ((0, 2), 1236)]",0.3465200303959808
79,jun9_4,0.45,SHOW_DEMAND,jun9/jun9_4_medium_speed.json,None,102,jun9_jun9_4_medium_speed-ppo_may31_23ppo_76-102,jun10ppo,PPO,19634.114683151245,,0.0,125.11193491444011,89.23344284999501,0.0,93.99974830381268,69.95029272490744,0.0,378.2954187931552,159.18373557490244,4.00530371259882,"[((1, 2), 2517), ((1, 0), 2486), ((0, 0), 2482), ((1, 1), 1272), ((0, 2), 1236)]",0.3465200303959808
80,jun9_4,0.45,SHOW_DEMAND,jun9/jun9_4_medium_speed.json,None,100,jun9_jun9_4_medium_speed-ppo_may31_23ppo_76-100,jun10ppo,PPO,20083.630184173584,,0.0,125.12199395576904,89.23344284999501,0.0,94.02967725407785,69.95029272490744,0.0,378.3354067847493,159.18373557490244,4.00530371259882,"[((1, 2), 2517), ((1, 0), 2486), ((0, 0), 2482), ((1, 1), 1272), ((0, 2), 1236)]",0.3465200303959808
81,jun9_4,0.45,SHOW_DEMAND,jun9/jun9_4_medium_speed.json,None,102,jun9_jun9_4_medium_speed-cfr_outcomemccfr_outcome-102,jun10outcome,cfr_outcome,12184.646532058716,,0.0,113.82168453917745,57.80992158510958,0.0,101.34090255178626,82.73312927048933,0.0,355.70563794656266,140.54305085559892,3.5100570399279496,"[((1, 1), 3716), ((0, 0), 2519), ((1, 0), 2494), ((0, 1), 1264)]",0.17328555122067854
82,jun9_4,0.45,SHOW_DEMAND,jun9/jun9_4_medium_speed.json,None,101,jun9_jun9_4_medium_speed-cfr_outcomemccfr_outcome-101,jun10outcome,cfr_outcome,11785.533020973206,,0.0,131.65162845992197,66.648689762834,0.0,103.20306110277193,68.39808369858899,0.0,369.9014630241169,135.04677346142302,3.5100570399279496,"[((0, 0), 2519), ((1, 0), 2494), ((1, 1), 2444), ((0, 2), 1272), ((1, 2), 1264)]",0.17328555122067854
83,jun9_4,0.45,SHOW_DEMAND,jun9/jun9_4_medium_speed.json,None,100,jun9_jun9_4_medium_speed-cfr_outcomemccfr_outcome-100,jun10outcome,cfr_outcome,13104.959367752075,,0.0,107.64671042729911,78.60722732913038,0.0,101.41917273091165,76.32931521064745,0.0,364.00242569798854,154.93654253977783,4.00530371259882,"[((1, 1), 2508), ((1, 0), 2486), ((0, 0), 2482), ((0, 1), 1277), ((1, 2), 1240)]",0.3465200303959808
84,jun9_4,0.6,SHOW_DEMAND,jun9/jun9_4_high_speed.json,None,100,jun9_jun9_4_high_speed-ppo_may31_23ppo_76-100,jun10ppo,PPO,20821.09406232834,,0.0,108.15500040016005,105.90664425770309,0.0,86.92542232893156,77.1562743497399,0.0,378.1433413365346,183.06291860744298,3.7565026010404163,"[((1, 2), 2511), ((1, 0), 2488), ((0, 0), 2483), ((1, 1), 1272), ((0, 2), 1242)]",0.34652634708882346
85,jun9_4,0.6,SHOW_DEMAND,jun9/jun9_4_high_speed.json,None,101,jun9_jun9_4_high_speed-ppo_may31_23ppo_76-101,jun10ppo,PPO,19566.90940594673,,0.0,98.94941816726688,115.09233453381356,0.0,92.61899175670266,71.49276894757905,0.0,378.1535134053622,186.5851034813926,3.7565026010404163,"[((1, 2), 2511), ((1, 0), 2488), ((0, 0), 2483), ((1, 1), 1272), ((0, 2), 1242)]",0.34652634708882346
86,jun9_4,0.6,SHOW_DEMAND,jun9/jun9_4_high_speed.json,None,102,jun9_jun9_4_high_speed-ppo_may31_23ppo_76-102,jun10ppo,PPO,20088.666034936905,,0.0,116.56264372874571,107.76294138827768,0.0,94.6944574514903,66.42528249649932,0.0,385.445325065013,174.188223884777,3.5018003600720142,"[((1, 2), 3706), ((0, 0), 2522), ((1, 0), 2498), ((0, 2), 1272)]",0.17328584351527812
87,jun9_4,0.6,SHOW_DEMAND,jun9/jun9_4_high_speed.json,None,102,jun9_jun9_4_high_speed-cfr_outcomemccfr_outcome-102,jun10outcome,cfr_outcome,11752.960212945938,,0.0,116.52319583916781,107.76294138827768,0.0,94.70460748149628,66.42528249649932,0.0,385.41602720544114,174.188223884777,3.5018003600720142,"[((1, 2), 3706), ((0, 0), 2522), ((1, 0), 2498), ((0, 2), 1272)]",0.17328584351527812
88,jun9_4,0.6,SHOW_DEMAND,jun9/jun9_4_high_speed.json,None,101,jun9_jun9_4_high_speed-cfr_outcomemccfr_outcome-101,jun10outcome,cfr_outcome,11135.593036413193,,0.0,106.80088897779552,73.28914102820566,0.0,94.4009577915583,84.5210546109222,0.0,359.01204240848176,157.81019563912787,3.1072214442888577,"[((1, 1), 3097), ((1, 0), 2525), ((0, 0), 2453), ((0, 1), 1270), ((1, 2), 653)]",0.42927766460795913
89,jun9_4,0.6,SHOW_DEMAND,jun9/jun9_4_high_speed.json,None,100,jun9_jun9_4_high_speed-cfr_outcomemccfr_outcome-100,jun10outcome,cfr_outcome,11734.75338935852,,0.0,116.56264372874571,107.76294138827768,0.0,94.71427741548308,66.42528249649932,0.0,385.4651450290058,174.188223884777,3.5018003600720142,"[((1, 2), 3706), ((0, 0), 2522), ((1, 0), 2498), ((0, 2), 1272)]",0.17328584351527812
