run_name,game_name,seed,config,alg,base_game_name,information_policy,activity_policy,undersell_policy,tiebreaking_policy,grace_rounds,clock_speed,value_structure,rule,rho,n_types,deviations,no_error,t,walltime,nash_conv,nash_conv_runtime,rewards,nash_conv_frac,heuristic_conv,heuristic_conv_frac,heuristic_conv_runtime,rewards_0,nc_player_improvements_0,nc_player_improvements_frac_0,hc_player_improvements_0,hc_player_improvements_frac_0,rewards_1,nc_player_improvements_1,nc_player_improvements_frac_1,hc_player_improvements_1,hc_player_improvements_frac_1,rewards_2,nc_player_improvements_2,nc_player_improvements_frac_2,hc_player_improvements_2,hc_player_improvements_frac_2,total_entropy,avg_entropy,avg_mode_probabilities,p0_expected_exposure,p0_exposure_frac,p0_utility,p0_payment,p0_total_entropies,p0_avg_entropies,p0_avg_mode_probabilities,p1_expected_exposure,p1_exposure_frac,p1_utility,p1_payment,p1_total_entropies,p1_avg_entropies,p1_avg_mode_probabilities,p2_expected_exposure,p2_exposure_frac,p2_utility,p2_payment,p2_total_entropies,p2_avg_entropies,p2_avg_mode_probabilities,exposure_frac,total_welfare,total_revenue,auction_lengths,num_lotteries,p_lottery,unsold_activity,unsold_licenses,common_allocations,unsold
feb8_3p_5supply_feb8_3p_5supply_0_base_dev1000_rho1_t3-feb10_ppo_bestppo_4-100,feb8_3p_5supply/feb8_3p_5supply_0_base_dev1000_rho1_t3.json,100,feb10_ppo_bestppo_4,PPO,feb8_3p_5supply_0,SHOW_DEMAND,ON,UNDERSELL,DROP_BY_PLAYER,1,0.2,quasi_linear,base,1.0,3,1000,True,3516416,28805.617658376694,13.704069611791022,48.92965245246887,"[14.317857649146724, 8.648939536951731, 9.409901546917556]",0.4232695162900086,,,300.0036256313324,14.317857649146724,3.099285863197718,0.21646296108988208,,,8.648939536951731,9.886587099038909,1.143098186407646,,,9.409901546917556,0.718196649554395,0.07632350306466892,,,0.0,0.0,1.0,0.0,0.0,14.317857649146724,24.319167333867096,0.0,0.0,1.0,0.0,0.0,8.648939536951731,21.906389111289034,0.0,0.0,1.0,0.0,0.0,9.409901546917556,19.249431545236188,0.0,0.0,1.0,0.0,97.85168672340833,65.4749879903923,4.2157726180944755,1.0,1.0,0.0,0.0,"[((1, 1), 6093), ((0, 2), 3322), ((0, 3), 577)]",[0. 0.]
feb8_3p_5supply_feb8_3p_5supply_0_base_dev1000_rho1_t3-feb10_ppo_bestppo_4-102,feb8_3p_5supply/feb8_3p_5supply_0_base_dev1000_rho1_t3.json,102,feb10_ppo_bestppo_4,PPO,feb8_3p_5supply_0,SHOW_DEMAND,ON,UNDERSELL,DROP_BY_PLAYER,1,0.2,quasi_linear,base,1.0,3,1000,True,3514368,28802.694556951523,11.158807509102648,474.2241814136505,"[13.936273994913758, 8.654108058110818, 9.411211785883905]",0.3486953670268585,,,300.005003452301,13.936273994913758,10.406660240516636,0.7467318914879756,,,8.654108058110818,0.6654336171291861,0.07689222420853958,,,9.411211785883905,0.08671365145682586,0.009213866761227249,,,0.0,0.0,1.0,0.0,0.0,13.936273994913758,24.693694155324266,0.0,0.0,1.0,0.0,0.0,8.654108058110818,21.905812650120097,0.0,0.0,1.0,0.0,0.0,9.411211785883905,19.25024819855885,0.0,0.0,1.0,0.0,97.85134884291169,65.84975500400319,4.324259407526021,1.0,1.0,3.3306690738754696e-16,2.7755575615628914e-17,"[((1, 1), 6093), ((0, 2), 3322), ((0, 3), 577)]",[2.77555756e-17 0.00000000e+00]
feb8_3p_5supply_feb8_3p_5supply_0_base_dev1000_rho1_t3-feb10_ppo_bestppo_4-101,feb8_3p_5supply/feb8_3p_5supply_0_base_dev1000_rho1_t3.json,101,feb10_ppo_bestppo_4,PPO,feb8_3p_5supply_0,SHOW_DEMAND,ON,UNDERSELL,DROP_BY_PLAYER,1,0.2,quasi_linear,base,1.0,3,1000,True,3449856,28804.952214717865,,300.0102276802063,"[14.317857649146724, 8.648939536951731, 9.409901546917556]",,,,300.0005042552948,14.317857649146724,,,,,8.648939536951731,,,,,9.409901546917556,,,,,0.0,0.0,1.0,0.0,0.0,14.317857649146724,24.319167333867096,0.0,0.0,1.0,0.0,0.0,8.648939536951731,21.906389111289034,0.0,0.0,1.0,0.0,0.0,9.409901546917556,19.249431545236188,0.0,0.0,1.0,0.0,97.85168672340833,65.4749879903923,4.2157726180944755,1.0,1.0,0.0,0.0,"[((1, 1), 6093), ((0, 2), 3322), ((0, 3), 577)]",[0. 0.]
feb8_3p_5supply_feb8_3p_5supply_0_base_dev1000_rho1_t3-feb10_ppo_bestppo_4-103,feb8_3p_5supply/feb8_3p_5supply_0_base_dev1000_rho1_t3.json,103,feb10_ppo_bestppo_4,PPO,feb8_3p_5supply_0,SHOW_DEMAND,ON,UNDERSELL,DROP_BY_PLAYER,1,0.2,quasi_linear,base,1.0,3,1000,True,3486720,28801.839240312576,7.1772151031420695,607.3497881889343,"[14.317857649146724, 8.648939536951731, 9.409901546917556]",0.22167841021490967,,,300.0031726360321,14.317857649146724,7.1772151031420695,0.5012771658314257,,,8.648939536951731,0.0,0.0,,,9.409901546917556,0.0,0.0,,,0.0,0.0,1.0,0.0,0.0,14.317857649146724,24.319167333867096,0.0,0.0,1.0,0.0,0.0,8.648939536951731,21.906389111289034,0.0,0.0,1.0,0.0,0.0,9.409901546917556,19.249431545236188,0.0,0.0,1.0,0.0,97.85168672340833,65.4749879903923,4.2157726180944755,1.0,1.0,0.0,0.0,"[((1, 1), 6093), ((0, 2), 3322), ((0, 3), 577)]",[0. 0.]
feb8_3p_5supply_feb8_3p_5supply_0_base_dev1000_rho1_t3-feb10_ppo_bestppo_4-104,feb8_3p_5supply/feb8_3p_5supply_0_base_dev1000_rho1_t3.json,104,feb10_ppo_bestppo_4,PPO,feb8_3p_5supply_0,SHOW_DEMAND,ON,UNDERSELL,DROP_BY_PLAYER,1,0.2,quasi_linear,base,1.0,3,1000,True,3507200,28807.375714063644,9.881709240229394,853.9518706798553,"[14.317857649146724, 8.648939536951731, 9.409901546917556]",0.305210525684404,,,300.0017514228821,14.317857649146724,5.44079859499244,0.3800008861882131,,,8.648939536951731,1.721134927856224,0.1989995328910379,,,9.409901546917556,2.719775717380731,0.2890333872060181,,,0.0,0.0,1.0,0.0,0.0,14.317857649146724,24.319167333867096,0.0,0.0,1.0,0.0,0.0,8.648939536951731,21.906389111289034,0.0,0.0,1.0,0.0,0.0,9.409901546917556,19.249431545236188,0.0,0.0,1.0,0.0,97.85168672340833,65.4749879903923,4.2157726180944755,1.0,1.0,0.0,0.0,"[((1, 1), 6093), ((0, 2), 3322), ((0, 3), 577)]",[0. 0.]
feb8_3p_5supply_feb8_3p_5supply_0_base_dev1000_rho1_t3_tie_break-feb10_ppo_bestppo_4-100,feb8_3p_5supply/feb8_3p_5supply_0_base_dev1000_rho1_t3_tie_break.json,100,feb10_ppo_bestppo_4,PPO,feb8_3p_5supply_0,SHOW_DEMAND,ON,UNDERSELL,DROP_BY_LICENSE,1,0.2,quasi_linear,tie_break,1.0,3,1000,True,3337216,28807.944320440292,9.601113390515023,173.63710856437683,"[13.032838825246616, 8.947271008464503, 9.225921260332221]",0.30766851963906744,,,300.0087134838104,13.032838825246616,1.2539923390713437,0.0962178966444492,,,8.947271008464503,0.0,0.0,,,9.225921260332221,8.347121051443679,0.9047466172655264,,,0.0,0.0,1.0,0.0,0.0,13.032838825246616,21.49095798319328,0.0,0.0,1.0,0.0,0.0,8.947271008464503,21.02338535414166,0.0,0.0,1.0,-1.4076101734330615,0.017006802721088437,9.225921260332221,20.674477791116445,0.0,0.0,1.0,0.017006802721088437,94.39485222249472,63.18882112845136,3.3047218887555023,1.0,1.0,1.5543122344752192e-15,2.220446049250313e-16,"[((0, 2), 5543), ((1, 1), 3526), ((1, 0), 492), ((0, 3), 435)]",[0.00000000e+00 2.22044605e-16]
feb8_3p_5supply_feb8_3p_5supply_0_base_dev1000_rho1_t3_tie_break-feb10_ppo_bestppo_4-101,feb8_3p_5supply/feb8_3p_5supply_0_base_dev1000_rho1_t3_tie_break.json,101,feb10_ppo_bestppo_4,PPO,feb8_3p_5supply_0,SHOW_DEMAND,ON,UNDERSELL,DROP_BY_LICENSE,1,0.2,quasi_linear,tie_break,1.0,3,1000,True,3402752,28803.04108452797,23.19488905585887,2033.149926185608,"[13.112447441600443, 8.946736852971524, 9.225538235587985]",0.7414126506475452,,,300.00173902511597,13.112447441600443,8.554311605386406,0.6523810023632253,,,8.946736852971524,2.4611969192064365,0.2750943678855366,,,9.225538235587985,12.179380531266027,1.3201810257837796,,,0.0,0.0,1.0,0.0,0.0,13.112447441600443,21.41429114557279,0.0,0.0,1.0,0.0,0.0,8.946736852971524,21.02246323161581,0.0,0.0,1.0,-1.4076101734330615,0.017008504252126064,9.225538235587985,20.674529264632316,0.0,0.0,1.0,0.017008504252126064,94.39600617198087,63.11128364182089,3.2823411705852927,1.0,1.0,-2.4424906541753444e-15,-3.885780586188048e-16,"[((0, 2), 5543), ((1, 1), 3526), ((1, 0), 491), ((0, 3), 435)]",[ 5.55111512e-17 -4.44089210e-16]
feb8_3p_5supply_feb8_3p_5supply_0_base_dev1000_rho1_t3_tie_break-feb10_ppo_bestppo_4-102,feb8_3p_5supply/feb8_3p_5supply_0_base_dev1000_rho1_t3_tie_break.json,102,feb10_ppo_bestppo_4,PPO,feb8_3p_5supply_0,SHOW_DEMAND,ON,UNDERSELL,DROP_BY_LICENSE,1,0.2,quasi_linear,tie_break,1.0,3,1000,True,3373056,28804.544454336166,17.60528416338645,16.409690618515015,"[13.112447441600443, 8.946736852971524, 9.225538235587985]",0.5627438167755563,,,300.01223516464233,13.112447441600443,3.8385566249079837,0.2927414307667545,,,8.946736852971524,12.193964722543528,1.362951087411662,,,9.225538235587985,1.5727628159349365,0.17047924747283835,,,0.0,0.0,1.0,0.0,0.0,13.112447441600443,21.41429114557279,0.0,0.0,1.0,0.0,0.0,8.946736852971524,21.02246323161581,0.0,0.0,1.0,-1.4076101734330615,0.017008504252126064,9.225538235587985,20.674529264632316,0.0,0.0,1.0,0.017008504252126064,94.39600617198087,63.11128364182089,3.2823411705852927,1.0,1.0,-2.4424906541753444e-15,-3.885780586188048e-16,"[((0, 2), 5543), ((1, 1), 3526), ((1, 0), 491), ((0, 3), 435)]",[ 5.55111512e-17 -4.44089210e-16]
feb8_3p_5supply_feb8_3p_5supply_0_base_dev1000_rho1_t3_tie_break-feb10_ppo_bestppo_4-103,feb8_3p_5supply/feb8_3p_5supply_0_base_dev1000_rho1_t3_tie_break.json,103,feb10_ppo_bestppo_4,PPO,feb8_3p_5supply_0,SHOW_DEMAND,ON,UNDERSELL,DROP_BY_LICENSE,1,0.2,quasi_linear,tie_break,1.0,3,1000,True,3336192,28802.793666362762,18.961453107888367,175.43480515480042,"[13.112447441600443, 8.946736852971524, 9.225538235587985]",0.6060930567502598,,,300.0063445568085,13.112447441600443,10.559985302290087,0.8053405246672383,,,8.946736852971524,0.0,0.0,,,9.225538235587985,8.40146780559828,0.9106750837787642,,,0.0,0.0,1.0,0.0,0.0,13.112447441600443,21.41429114557279,0.0,0.0,1.0,0.0,0.0,8.946736852971524,21.02246323161581,0.0,0.0,1.0,-1.4076101734330615,0.017008504252126064,9.225538235587985,20.674529264632316,0.0,0.0,1.0,0.017008504252126064,94.39600617198087,63.11128364182089,3.2823411705852927,1.0,1.0,-2.4424906541753444e-15,-3.885780586188048e-16,"[((0, 2), 5543), ((1, 1), 3526), ((1, 0), 491), ((0, 3), 435)]",[ 5.55111512e-17 -4.44089210e-16]
feb8_3p_5supply_feb8_3p_5supply_0_base_dev1000_rho1_t3_tie_break-feb10_ppo_bestppo_4-104,feb8_3p_5supply/feb8_3p_5supply_0_base_dev1000_rho1_t3_tie_break.json,104,feb10_ppo_bestppo_4,PPO,feb8_3p_5supply_0,SHOW_DEMAND,ON,UNDERSELL,DROP_BY_LICENSE,1,0.2,quasi_linear,tie_break,1.0,3,1000,True,3391488,28801.899799108505,33.986691559187065,352.79608392715454,"[13.032838825246616, 8.947271008464503, 9.223551629883348]",1.0891892157860892,,,300.0054793357849,13.032838825246616,8.554311605386406,0.6563659475950387,,,8.947271008464503,16.519422701137668,1.846308520833848,,,9.223551629883348,8.912957252662995,0.9663259458304478,,,0.0,0.0,1.0,0.0,0.0,13.032838825246616,21.49095798319328,0.0,0.0,1.0,0.0,0.0,8.947271008464503,21.02338535414166,0.0,0.0,1.0,-1.4076101734330615,0.017006802721088437,9.223551629883348,20.674477791116445,0.0,0.0,1.0,0.017006802721088437,94.39248259204585,63.18882112845136,3.3047218887555023,1.0,1.0,1.5543122344752192e-15,2.220446049250313e-16,"[((0, 2), 5543), ((1, 1), 3526), ((1, 0), 492), ((0, 3), 435)]",[0.00000000e+00 2.22044605e-16]
feb8_3p_5supply_feb8_3p_5supply_1_base_dev1000_rho1_t3-feb10_ppo_bestppo_4-100,feb8_3p_5supply/feb8_3p_5supply_1_base_dev1000_rho1_t3.json,100,feb10_ppo_bestppo_4,PPO,feb8_3p_5supply_1,SHOW_DEMAND,ON,UNDERSELL,DROP_BY_PLAYER,1,0.2,quasi_linear,base,1.0,3,1000,True,3571712,28802.018850803375,8.814461547284012,60.68161344528198,"[9.779403850052795, 10.508246465116278, 12.36973078561284]",0.2699071771885887,,,300.0029044151306,9.779403850052795,0.3708827109838353,0.037924879335240164,,,10.508246465116278,0.18220840338553757,0.01733956316978347,,,12.36973078561284,8.261370432914639,0.6678698652458459,,,0.0,0.0,1.0,0.0,0.0,9.779403850052795,20.575737442465478,0.0,0.0,1.0,0.0,0.0,10.508246465116278,20.638078847308385,0.0,0.0,1.0,0.0,0.0,12.36973078561284,22.863782269361618,0.0,0.0,1.0,0.0,96.73497965991737,64.07759855913547,3.6764058435061036,1.0,1.0,0.0,0.0,"[((0, 2), 7830), ((1, 1), 2164)]",[0. 0.]
feb8_3p_5supply_feb8_3p_5supply_1_base_dev1000_rho1_t3-feb10_ppo_bestppo_4-101,feb8_3p_5supply/feb8_3p_5supply_1_base_dev1000_rho1_t3.json,101,feb10_ppo_bestppo_4,PPO,feb8_3p_5supply_1,SHOW_DEMAND,ON,UNDERSELL,DROP_BY_PLAYER,1,0.2,quasi_linear,base,1.0,3,1000,True,3419136,28805.9431848526,8.093756548270562,976.8663568496704,"[9.779403850052795, 10.508246465116278, 12.36973078561284]",0.24783850619536588,,,300.0059850215912,9.779403850052795,4.783843474004254,0.4891753676762646,,,10.508246465116278,1.8596560935820072,0.17697111499577198,,,12.36973078561284,1.4502569806843013,0.11724240452921471,,,0.0,0.0,1.0,0.0,0.0,9.779403850052795,20.575737442465478,0.0,0.0,1.0,0.0,0.0,10.508246465116278,20.638078847308385,0.0,0.0,1.0,0.0,0.0,12.36973078561284,22.863782269361618,0.0,0.0,1.0,0.0,96.73497965991737,64.07759855913547,3.6764058435061036,1.0,1.0,0.0,0.0,"[((0, 2), 7830), ((1, 1), 2164)]",[0. 0.]
feb8_3p_5supply_feb8_3p_5supply_1_base_dev1000_rho1_t3-feb10_ppo_bestppo_4-102,feb8_3p_5supply/feb8_3p_5supply_1_base_dev1000_rho1_t3.json,102,feb10_ppo_bestppo_4,PPO,feb8_3p_5supply_1,SHOW_DEMAND,ON,UNDERSELL,DROP_BY_PLAYER,1,0.2,quasi_linear,base,1.0,3,1000,True,3598336,28804.532303094864,51.229199567570106,851.8626098632812,"[9.779072425550154, 10.508246465116278, 12.36973078561284]",1.568702625478776,,,300.0275113582611,9.779072425550154,15.789128132951504,1.6145834130135541,,,10.508246465116278,28.47901768419941,2.7101589003207947,,,12.36973078561284,6.961053750419198,0.5627490097452693,,,0.0,0.0,1.0,0.0,0.0,9.779072425550154,20.575737442465478,0.0,0.0,1.0,0.0,0.0,10.508246465116278,20.638078847308385,0.0,0.0,1.0,0.0,0.0,12.36973078561284,22.863782269361618,0.0,0.0,1.0,0.0,96.73464823541474,64.07759855913547,3.6764058435061036,1.0,1.0,0.0,0.0,"[((0, 2), 7830), ((1, 1), 2164)]",[0. 0.]
feb8_3p_5supply_feb8_3p_5supply_1_base_dev1000_rho1_t3-feb10_ppo_bestppo_4-103,feb8_3p_5supply/feb8_3p_5supply_1_base_dev1000_rho1_t3.json,103,feb10_ppo_bestppo_4,PPO,feb8_3p_5supply_1,SHOW_DEMAND,ON,UNDERSELL,DROP_BY_PLAYER,1,0.2,quasi_linear,base,1.0,3,1000,True,3466240,28806.09499812126,,300.0040020942688,"[9.779072425550154, 10.508246465116278, 12.36973078561284]",,,,300.00430631637573,9.779072425550154,,,,,10.508246465116278,,,,,12.36973078561284,,,,,0.0,0.0,1.0,0.0,0.0,9.779072425550154,20.575737442465478,0.0,0.0,1.0,0.0,0.0,10.508246465116278,20.638078847308385,0.0,0.0,1.0,0.0,0.0,12.36973078561284,22.863782269361618,0.0,0.0,1.0,0.0,96.73464823541474,64.07759855913547,3.6764058435061036,1.0,1.0,0.0,0.0,"[((0, 2), 7830), ((1, 1), 2164)]",[0. 0.]
feb8_3p_5supply_feb8_3p_5supply_1_base_dev1000_rho1_t3-feb10_ppo_bestppo_4-104,feb8_3p_5supply/feb8_3p_5supply_1_base_dev1000_rho1_t3.json,104,feb10_ppo_bestppo_4,PPO,feb8_3p_5supply_1,SHOW_DEMAND,ON,UNDERSELL,DROP_BY_PLAYER,1,0.2,quasi_linear,base,1.0,3,1000,True,3505152,28803.494789361954,9.301802557279393,22.288947343826294,"[9.779072425550154, 10.508246465116278, 12.36973078561284]",0.2848329120200909,,,300.0007977485657,9.779072425550154,3.5601116936533375,0.3640541289326888,,,10.508246465116278,1.239770729054671,0.1179807433305146,,,12.36973078561284,4.501920134571384,0.3639464926599325,,,0.0,0.0,1.0,0.0,0.0,9.779072425550154,20.575737442465478,0.0,0.0,1.0,0.0,0.0,10.508246465116278,20.638078847308385,0.0,0.0,1.0,0.0,0.0,12.36973078561284,22.863782269361618,0.0,0.0,1.0,0.0,96.73464823541474,64.07759855913547,3.6764058435061036,1.0,1.0,0.0,0.0,"[((0, 2), 7830), ((1, 1), 2164)]",[0. 0.]
feb8_3p_5supply_feb8_3p_5supply_1_base_dev1000_rho1_t3_tie_break-feb10_ppo_bestppo_4-100,feb8_3p_5supply/feb8_3p_5supply_1_base_dev1000_rho1_t3_tie_break.json,100,feb10_ppo_bestppo_4,PPO,feb8_3p_5supply_1,SHOW_DEMAND,ON,UNDERSELL,DROP_BY_LICENSE,1,0.2,quasi_linear,tie_break,1.0,3,1000,True,3310592,28803.060107946396,,300.0006458759308,"[9.320251473975443, 10.12491034309831, 10.853970457051137]",,,,300.000684261322,9.320251473975443,,,,,10.12491034309831,,,,,10.853970457051137,,,,,0.0,0.0,1.0,0.0,0.0,9.320251473975443,20.750359179589797,0.0,0.0,1.0,-2.3246687295716115,0.017508754377188594,10.12491034309831,20.85745272636318,0.0,0.0,1.0,0.0,0.0,10.853970457051137,21.364394197098548,0.0,0.0,1.0,0.017508754377188594,93.27133837717642,62.97220610305151,3.2339169584792398,1.0483241620810406,1.0,1.5543122344752192e-15,2.220446049250313e-16,"[((0, 2), 6625), ((1, 1), 2386), ((1, 0), 505), ((0, 3), 479)]",[0.00000000e+00 2.22044605e-16]
feb8_3p_5supply_feb8_3p_5supply_1_base_dev1000_rho1_t3_tie_break-feb10_ppo_bestppo_4-101,feb8_3p_5supply/feb8_3p_5supply_1_base_dev1000_rho1_t3_tie_break.json,101,feb10_ppo_bestppo_4,PPO,feb8_3p_5supply_1,SHOW_DEMAND,ON,UNDERSELL,DROP_BY_LICENSE,1,0.2,quasi_linear,tie_break,1.0,3,1000,True,3309568,28807.24516892433,,300.000182390213,"[9.343042713455292, 10.151777883612809, 10.631287037920224]",,,,300.0002028942108,9.343042713455292,,,,,10.151777883612809,,,,,10.631287037920224,,,,,0.0,0.0,1.0,0.0,0.0,9.343042713455292,20.797854283426744,0.0,0.0,1.0,-2.3246687295716115,0.015612489991993595,10.151777883612809,20.861120896717377,0.0,0.0,1.0,0.0,0.0,10.631287037920224,21.570331465172142,0.0,0.0,1.0,0.015612489991993595,93.35541428030456,63.229306645316235,3.3188550840672537,1.0168134507606086,1.0,1.5543122344752192e-15,2.220446049250313e-16,"[((0, 2), 6503), ((1, 1), 2503), ((1, 0), 510), ((0, 3), 476)]",[0.00000000e+00 2.22044605e-16]
feb8_3p_5supply_feb8_3p_5supply_1_base_dev1000_rho1_t3_tie_break-feb10_ppo_bestppo_4-102,feb8_3p_5supply/feb8_3p_5supply_1_base_dev1000_rho1_t3_tie_break.json,102,feb10_ppo_bestppo_4,PPO,feb8_3p_5supply_1,SHOW_DEMAND,ON,UNDERSELL,DROP_BY_LICENSE,1,0.2,quasi_linear,tie_break,1.0,3,1000,True,3484672,28807.70198893547,12.390205272350101,3547.98717546463,"[9.320076645471332, 10.12491034309831, 10.853970457051137]",0.40893173616905765,,,300.0079138278961,9.320076645471332,0.0,0.0,,,10.12491034309831,9.558269066957248,0.9440349339461247,,,10.853970457051137,2.8319362053928536,0.2609124666958278,,,0.0,0.0,1.0,0.0,0.0,9.320076645471332,20.750359179589797,0.0,0.0,1.0,-2.3246687295716115,0.017508754377188594,10.12491034309831,20.85745272636318,0.0,0.0,1.0,0.0,0.0,10.853970457051137,21.364394197098548,0.0,0.0,1.0,0.017508754377188594,93.27116354867229,62.97220610305151,3.2339169584792398,1.0483241620810406,1.0,1.5543122344752192e-15,2.220446049250313e-16,"[((0, 2), 6625), ((1, 1), 2386), ((1, 0), 505), ((0, 3), 479)]",[0.00000000e+00 2.22044605e-16]
feb8_3p_5supply_feb8_3p_5supply_1_base_dev1000_rho1_t3_tie_break-feb10_ppo_bestppo_4-103,feb8_3p_5supply/feb8_3p_5supply_1_base_dev1000_rho1_t3_tie_break.json,103,feb10_ppo_bestppo_4,PPO,feb8_3p_5supply_1,SHOW_DEMAND,ON,UNDERSELL,DROP_BY_LICENSE,1,0.2,quasi_linear,tie_break,1.0,3,1000,True,3520512,28800.282828092575,31.851772751559082,22.55955672264099,"[9.319190704882855, 10.12491034309831, 10.853970457051137]",1.051280532698879,,,300.0013954639435,9.319190704882855,12.421533167706539,1.3328982699321938,,,10.12491034309831,5.300479180138396,0.5235087522282595,,,10.853970457051137,14.129760403714146,1.3018056811215049,,,0.0,0.0,1.0,0.0,0.0,9.319190704882855,20.750359179589797,0.0,0.0,1.0,-2.3246687295716115,0.017508754377188594,10.12491034309831,20.85745272636318,0.0,0.0,1.0,0.0,0.0,10.853970457051137,21.364394197098548,0.0,0.0,1.0,0.017508754377188594,93.27027760808383,62.97220610305151,3.2339169584792398,1.0483241620810406,1.0,1.5543122344752192e-15,2.220446049250313e-16,"[((0, 2), 6625), ((1, 1), 2386), ((1, 0), 505), ((0, 3), 479)]",[0.00000000e+00 2.22044605e-16]
feb8_3p_5supply_feb8_3p_5supply_1_base_dev1000_rho1_t3_tie_break-feb10_ppo_bestppo_4-104,feb8_3p_5supply/feb8_3p_5supply_1_base_dev1000_rho1_t3_tie_break.json,104,feb10_ppo_bestppo_4,PPO,feb8_3p_5supply_1,SHOW_DEMAND,ON,UNDERSELL,DROP_BY_LICENSE,1,0.2,quasi_linear,tie_break,1.0,3,1000,True,3372032,28805.609037399292,18.8487397996038,232.79879760742188,"[9.319190704882855, 10.12491034309831, 10.853970457051137]",0.622110215710368,,,300.0061135292053,9.319190704882855,7.753929979076615,0.8320389854254071,,,10.12491034309831,6.8246189625190885,0.674042409389938,,,10.853970457051137,4.270190858008094,0.39342200855485304,,,0.0,0.0,1.0,0.0,0.0,9.319190704882855,20.750359179589797,0.0,0.0,1.0,-2.3246687295716115,0.017508754377188594,10.12491034309831,20.85745272636318,0.0,0.0,1.0,0.0,0.0,10.853970457051137,21.364394197098548,0.0,0.0,1.0,0.017508754377188594,93.27027760808383,62.97220610305151,3.2339169584792398,1.0483241620810406,1.0,1.5543122344752192e-15,2.220446049250313e-16,"[((0, 2), 6625), ((1, 1), 2386), ((1, 0), 505), ((0, 3), 479)]",[0.00000000e+00 2.22044605e-16]
feb8_3p_5supply_feb8_3p_5supply_2_base_dev1000_rho1_t3-feb10_ppo_bestppo_4-100,feb8_3p_5supply/feb8_3p_5supply_2_base_dev1000_rho1_t3.json,100,feb10_ppo_bestppo_4,PPO,feb8_3p_5supply_2,SHOW_DEMAND,ON,UNDERSELL,DROP_BY_PLAYER,1,0.2,quasi_linear,base,1.0,3,1000,True,3510272,28803.380598783493,18.93662426630736,51.67811369895935,"[12.096851242937642, 9.274742754835382, 10.055592979434891]",0.6025554969345762,0.0,0.0,274.12378549575806,12.096851242937642,7.707131643994709,0.6371188244952809,0.0,0.0,9.274742754835382,6.598298484779052,0.7114265763693589,0.0,0.0,10.055592979434891,4.631194137533597,0.46055902889118955,0.0,0.0,0.0,0.0,1.0,0.0,0.0,12.096851242937642,21.603457037111134,0.0,0.0,1.0,0.0,0.0,9.274742754835382,22.295536660998305,0.0,0.0,1.0,0.0,0.0,10.055592979434891,20.788172451735527,0.0,0.0,1.0,0.0,96.11435312705287,64.68716614984494,3.908472541762529,1.034710413123937,1.0,-2.8171909249863347e-15,-4.198030811863873e-16,"[((1, 1), 4660), ((0, 2), 4081), ((1, 0), 1256)]",[ 2.42861287e-17 -4.44089210e-16]
feb8_3p_5supply_feb8_3p_5supply_2_base_dev1000_rho1_t3-feb10_ppo_bestppo_4-101,feb8_3p_5supply/feb8_3p_5supply_2_base_dev1000_rho1_t3.json,101,feb10_ppo_bestppo_4,PPO,feb8_3p_5supply_2,SHOW_DEMAND,ON,UNDERSELL,DROP_BY_PLAYER,1,0.2,quasi_linear,base,1.0,3,1000,True,3644416,28807.38280415535,7.3646469968379735,150.22313451766968,"[11.952558924389583, 10.018881842837471, 10.544163200873864]",0.22649577735240534,0.0,0.0,249.9580442905426,11.952558924389583,3.1815171363680648,0.26617874519539714,0.0,0.0,10.018881842837471,1.0336961746361677,0.10317480441943332,0.0,0.0,10.544163200873864,3.149433685833741,0.2986897704288878,0.0,0.0,0.0,0.0,1.0,0.0,0.0,11.952558924389583,22.513119183428405,0.0,0.0,1.0,0.0,0.0,10.018881842837471,21.62281597117983,0.0,0.0,1.0,0.0,0.0,10.544163200873864,20.30621435004504,0.0,0.0,1.0,0.0,96.95775347275419,64.44214950465324,3.807064945461823,0.8883218252776944,0.8883218252776944,1.0547118733938987e-15,1.8041124150158794e-16,"[((0, 2), 5612), ((1, 1), 4381)]",[-4.16333634e-17  2.22044605e-16]
feb8_3p_5supply_feb8_3p_5supply_2_base_dev1000_rho1_t3-feb10_ppo_bestppo_4-102,feb8_3p_5supply/feb8_3p_5supply_2_base_dev1000_rho1_t3.json,102,feb10_ppo_bestppo_4,PPO,feb8_3p_5supply_2,SHOW_DEMAND,ON,UNDERSELL,DROP_BY_PLAYER,1,0.2,quasi_linear,base,1.0,3,1000,True,3649536,28807.450917482376,0.0047808474513626464,204.2851643562317,"[12.488772000039097, 9.705091963202813, 10.050877145784698]",0.00014826750927221104,0.0047808474513626464,0.00014826750927221104,152.078364610672,12.488772000039097,0.0047808474513626464,0.00038281165284686754,0.0047808474513626464,0.00038281165284686754,9.705091963202813,0.0,0.0,0.0,0.0,10.050877145784698,0.0,0.0,0.0,0.0,0.0,0.0,1.0,0.0,0.0,12.488772000039097,20.775022515761037,0.0,0.0,1.0,0.0,0.0,9.705091963202813,22.164299009306518,0.0,0.0,1.0,0.0,0.0,10.050877145784698,20.717814470129095,0.0,0.0,1.0,0.0,95.90187710422326,63.65713599519662,3.480936655658961,1.0,1.0,3.774758283725532e-15,4.996003610813204e-16,"[((1, 1), 4442), ((0, 2), 3873), ((1, 0), 1678)]",[5.55111512e-17 4.44089210e-16]
feb8_3p_5supply_feb8_3p_5supply_2_base_dev1000_rho1_t3-feb10_ppo_bestppo_4-103,feb8_3p_5supply/feb8_3p_5supply_2_base_dev1000_rho1_t3.json,103,feb10_ppo_bestppo_4,PPO,feb8_3p_5supply_2,SHOW_DEMAND,ON,UNDERSELL,DROP_BY_PLAYER,1,0.2,quasi_linear,base,1.0,3,1000,True,3596288,28802.400648593903,8.290657821255845,770.130576133728,"[11.952558924389583, 10.018881842837471, 10.544163200873864]",0.2549747447222357,,,300.0007839202881,11.952558924389583,0.7082560913537428,0.05925560340961995,,,10.018881842837471,2.7069994404635995,0.27018977595776733,,,10.544163200873864,4.875402289438503,0.46237925158768844,,,0.0,0.0,1.0,0.0,0.0,11.952558924389583,22.513119183428405,0.0,0.0,1.0,0.0,0.0,10.018881842837471,21.62281597117983,0.0,0.0,1.0,0.0,0.0,10.544163200873864,20.30621435004504,0.0,0.0,1.0,0.0,96.95775347275419,64.44214950465324,3.807064945461823,0.8883218252776944,0.8883218252776944,1.0547118733938987e-15,1.8041124150158794e-16,"[((0, 2), 5612), ((1, 1), 4381)]",[-4.16333634e-17  2.22044605e-16]
feb8_3p_5supply_feb8_3p_5supply_2_base_dev1000_rho1_t3-feb10_ppo_bestppo_4-104,feb8_3p_5supply/feb8_3p_5supply_2_base_dev1000_rho1_t3.json,104,feb10_ppo_bestppo_4,PPO,feb8_3p_5supply_2,SHOW_DEMAND,ON,UNDERSELL,DROP_BY_PLAYER,1,0.2,quasi_linear,base,1.0,3,1000,True,3500032,28806.095159053802,0.0047808474513626464,228.5541512966156,"[12.488772000039097, 9.705091963202813, 10.050877145784698]",0.00014826750927221104,0.0047808474513626464,0.00014826750927221104,158.375146150589,12.488772000039097,0.0047808474513626464,0.00038281165284686754,0.0047808474513626464,0.00038281165284686754,9.705091963202813,0.0,0.0,0.0,0.0,10.050877145784698,0.0,0.0,0.0,0.0,0.0,0.0,1.0,0.0,0.0,12.488772000039097,20.775022515761037,0.0,0.0,1.0,0.0,0.0,9.705091963202813,22.164299009306518,0.0,0.0,1.0,0.0,0.0,10.050877145784698,20.717814470129095,0.0,0.0,1.0,0.0,95.90187710422326,63.65713599519662,3.480936655658961,1.0,1.0,3.774758283725532e-15,4.996003610813204e-16,"[((1, 1), 4442), ((0, 2), 3873), ((1, 0), 1678)]",[5.55111512e-17 4.44089210e-16]
feb8_3p_5supply_feb8_3p_5supply_2_base_dev1000_rho1_t3_tie_break-feb10_ppo_bestppo_4-100,feb8_3p_5supply/feb8_3p_5supply_2_base_dev1000_rho1_t3_tie_break.json,100,feb10_ppo_bestppo_4,PPO,feb8_3p_5supply_2,SHOW_DEMAND,ON,UNDERSELL,DROP_BY_LICENSE,1,0.2,quasi_linear,tie_break,1.0,3,1000,True,3458048,28806.28494167328,,301.91208958625793,"[11.372666915801622, 9.068185607901203, 10.138975373108595]",,,,300.0002760887146,11.372666915801622,,,,,9.068185607901203,,,,,10.138975373108595,,,,,0.0,0.0,1.0,-1.1227459459449474,0.014311449159327461,11.372666915801622,21.288759007205766,0.0,0.0,1.0,0.0,0.0,9.068185607901203,21.052073658927142,0.0,0.0,1.0,0.0,0.0,10.138975373108595,20.739535628502804,0.0,0.0,1.0,0.014311449159327461,93.66019619144713,63.08036829463569,3.2730184147317853,1.022818254603683,1.0,6.661338147750939e-16,5.551115123125783e-17,"[((0, 2), 5824), ((1, 1), 3252), ((1, 0), 460), ((0, 3), 456)]",[5.55111512e-17 0.00000000e+00]
feb8_3p_5supply_feb8_3p_5supply_2_base_dev1000_rho1_t3_tie_break-feb10_ppo_bestppo_4-101,feb8_3p_5supply/feb8_3p_5supply_2_base_dev1000_rho1_t3_tie_break.json,101,feb10_ppo_bestppo_4,PPO,feb8_3p_5supply_2,SHOW_DEMAND,ON,UNDERSELL,DROP_BY_LICENSE,1,0.2,quasi_linear,tie_break,1.0,3,1000,True,3487744,28802.04088973999,11.031000588649697,47.61619424819946,"[11.372666915801622, 9.068185607901203, 10.138975373108595]",0.3607280140971594,,,300.00020122528076,11.372666915801622,2.36211234357145,0.20770082875542942,,,9.068185607901203,8.459901802183552,0.9329211121144624,,,10.138975373108595,0.2089864428946946,0.020612185670061418,,,0.0,0.0,1.0,-1.1227459459449474,0.014311449159327461,11.372666915801622,21.288759007205766,0.0,0.0,1.0,0.0,0.0,9.068185607901203,21.052073658927142,0.0,0.0,1.0,0.0,0.0,10.138975373108595,20.739535628502804,0.0,0.0,1.0,0.014311449159327461,93.66019619144713,63.08036829463569,3.2730184147317853,1.022818254603683,1.0,6.661338147750939e-16,5.551115123125783e-17,"[((0, 2), 5824), ((1, 1), 3252), ((1, 0), 460), ((0, 3), 456)]",[5.55111512e-17 0.00000000e+00]
feb8_3p_5supply_feb8_3p_5supply_2_base_dev1000_rho1_t3_tie_break-feb10_ppo_bestppo_4-102,feb8_3p_5supply/feb8_3p_5supply_2_base_dev1000_rho1_t3_tie_break.json,102,feb10_ppo_bestppo_4,PPO,feb8_3p_5supply_2,SHOW_DEMAND,ON,UNDERSELL,DROP_BY_LICENSE,1,0.2,quasi_linear,tie_break,1.0,3,1000,True,3362816,28802.09063577652,20.407265406987683,30.44391393661499,"[11.372666915801622, 9.068185607901203, 10.138975373108595]",0.6673440241668451,,,300.0004985332489,11.372666915801622,3.8055871204402916,0.3346257433384127,,,9.068185607901203,9.343101802183554,1.030316560133354,,,10.138975373108595,7.258576484363836,0.7159082863161513,,,0.0,0.0,1.0,-1.1227459459449474,0.014311449159327461,11.372666915801622,21.288759007205766,0.0,0.0,1.0,0.0,0.0,9.068185607901203,21.052073658927142,0.0,0.0,1.0,0.0,0.0,10.138975373108595,20.739535628502804,0.0,0.0,1.0,0.014311449159327461,93.66019619144713,63.08036829463569,3.2730184147317853,1.022818254603683,1.0,6.661338147750939e-16,5.551115123125783e-17,"[((0, 2), 5824), ((1, 1), 3252), ((1, 0), 460), ((0, 3), 456)]",[5.55111512e-17 0.00000000e+00]
feb8_3p_5supply_feb8_3p_5supply_2_base_dev1000_rho1_t3_tie_break-feb10_ppo_bestppo_4-103,feb8_3p_5supply/feb8_3p_5supply_2_base_dev1000_rho1_t3_tie_break.json,103,feb10_ppo_bestppo_4,PPO,feb8_3p_5supply_2,SHOW_DEMAND,ON,UNDERSELL,DROP_BY_LICENSE,1,0.2,quasi_linear,tie_break,1.0,3,1000,True,3379200,28801.383449792862,,300.012619972229,"[11.372666915801622, 9.068185607901203, 10.138975373108595]",,,,300.0002908706665,11.372666915801622,,,,,9.068185607901203,,,,,10.138975373108595,,,,,0.0,0.0,1.0,-1.1227459459449474,0.014311449159327461,11.372666915801622,21.288759007205766,0.0,0.0,1.0,0.0,0.0,9.068185607901203,21.052073658927142,0.0,0.0,1.0,0.0,0.0,10.138975373108595,20.739535628502804,0.0,0.0,1.0,0.014311449159327461,93.66019619144713,63.08036829463569,3.2730184147317853,1.022818254603683,1.0,6.661338147750939e-16,5.551115123125783e-17,"[((0, 2), 5824), ((1, 1), 3252), ((1, 0), 460), ((0, 3), 456)]",[5.55111512e-17 0.00000000e+00]
feb8_3p_5supply_feb8_3p_5supply_2_base_dev1000_rho1_t3_tie_break-feb10_ppo_bestppo_4-104,feb8_3p_5supply/feb8_3p_5supply_2_base_dev1000_rho1_t3_tie_break.json,104,feb10_ppo_bestppo_4,PPO,feb8_3p_5supply_2,SHOW_DEMAND,ON,UNDERSELL,DROP_BY_LICENSE,1,0.2,quasi_linear,tie_break,1.0,3,1000,True,3344384,28801.755447626114,,300.00010776519775,"[11.372666915801622, 9.068185607901203, 10.138975373108595]",,,,300.00142192840576,11.372666915801622,,,,,9.068185607901203,,,,,10.138975373108595,,,,,0.0,0.0,1.0,-1.1227459459449474,0.014311449159327461,11.372666915801622,21.288759007205766,0.0,0.0,1.0,0.0,0.0,9.068185607901203,21.052073658927142,0.0,0.0,1.0,0.0,0.0,10.138975373108595,20.739535628502804,0.0,0.0,1.0,0.014311449159327461,93.66019619144713,63.08036829463569,3.2730184147317853,1.022818254603683,1.0,6.661338147750939e-16,5.551115123125783e-17,"[((0, 2), 5824), ((1, 1), 3252), ((1, 0), 460), ((0, 3), 456)]",[5.55111512e-17 0.00000000e+00]
feb8_3p_5supply_feb8_3p_5supply_3_base_dev1000_rho1_t3-feb10_ppo_bestppo_4-100,feb8_3p_5supply/feb8_3p_5supply_3_base_dev1000_rho1_t3.json,100,feb10_ppo_bestppo_4,PPO,feb8_3p_5supply_3,SHOW_DEMAND,ON,UNDERSELL,DROP_BY_PLAYER,1,0.2,quasi_linear,base,1.0,3,1000,True,3668992,28805.607200860977,,300.0007703304291,"[8.792189876603917, 10.161317996851688, 8.471999346668118]",,,,300.00660252571106,8.792189876603917,,,,,10.161317996851688,,,,,8.471999346668118,,,,,0.0,0.0,1.0,0.0,0.0,8.792189876603917,21.52535574902432,0.0,0.0,1.0,0.0,0.0,10.161317996851688,21.832626838787153,0.0,0.0,1.0,0.0,0.0,8.471999346668118,21.02705493845692,0.0,0.0,1.0,0.0,91.81054474639211,64.38503752626836,3.7886520564395076,1.0450315220654458,0.8933253277294105,3.3306690738754696e-16,2.7755575615628914e-17,"[((0, 2), 6672), ((1, 1), 3321)]",[2.77555756e-17 0.00000000e+00]
feb8_3p_5supply_feb8_3p_5supply_3_base_dev1000_rho1_t3-feb10_ppo_bestppo_4-101,feb8_3p_5supply/feb8_3p_5supply_3_base_dev1000_rho1_t3.json,101,feb10_ppo_bestppo_4,PPO,feb8_3p_5supply_3,SHOW_DEMAND,ON,UNDERSELL,DROP_BY_PLAYER,1,0.2,quasi_linear,base,1.0,3,1000,True,3417088,28803.040494680405,14.231925534211545,1212.3316390514374,"[8.400315811995656, 9.492930284492832, 8.81223807695134]",0.5329214569480089,,,300.0021734237671,8.400315811995656,11.410819941867445,1.358379874905749,,,9.492930284492832,2.4641363157649554,0.2595759414551103,,,8.81223807695134,0.3569692765791439,0.04050835593205399,,,0.0,0.0,1.0,0.0,0.0,8.400315811995656,22.09637454981993,0.0,0.0,1.0,0.0,0.0,9.492930284492832,22.213973589435778,0.0,0.0,1.0,0.0,0.0,8.81223807695134,19.903961584633855,0.0,0.0,1.0,0.0,90.9197938973294,64.21430972388954,3.718187274909964,1.055422168867547,0.9260704281712685,8.881784197001252e-16,1.6653345369377348e-16,"[((0, 2), 6320), ((1, 1), 2940), ((0, 3), 736)]",[-5.55111512e-17  2.22044605e-16]
feb8_3p_5supply_feb8_3p_5supply_3_base_dev1000_rho1_t3-feb10_ppo_bestppo_4-102,feb8_3p_5supply/feb8_3p_5supply_3_base_dev1000_rho1_t3.json,102,feb10_ppo_bestppo_4,PPO,feb8_3p_5supply_3,SHOW_DEMAND,ON,UNDERSELL,DROP_BY_PLAYER,1,0.2,quasi_linear,base,1.0,3,1000,True,3545088,28802.0105509758,,300.00246930122375,"[8.400148175541645, 9.492930284492832, 8.81223807695134]",,,,300.0029857158661,8.400148175541645,,,,,9.492930284492832,,,,,8.81223807695134,,,,,0.0,0.0,1.0,0.0,0.0,8.400148175541645,22.09637454981993,0.0,0.0,1.0,0.0,0.0,9.492930284492832,22.213973589435778,0.0,0.0,1.0,0.0,0.0,8.81223807695134,19.903961584633855,0.0,0.0,1.0,0.0,90.91962626087539,64.21430972388954,3.718187274909964,1.055422168867547,0.9260704281712685,8.881784197001252e-16,1.6653345369377348e-16,"[((0, 2), 6320), ((1, 1), 2940), ((0, 3), 736)]",[-5.55111512e-17  2.22044605e-16]
feb8_3p_5supply_feb8_3p_5supply_3_base_dev1000_rho1_t3-feb10_ppo_bestppo_4-104,feb8_3p_5supply/feb8_3p_5supply_3_base_dev1000_rho1_t3.json,104,feb10_ppo_bestppo_4,PPO,feb8_3p_5supply_3,SHOW_DEMAND,ON,UNDERSELL,DROP_BY_PLAYER,1,0.2,quasi_linear,base,1.0,3,1000,True,3538944,28807.880420684814,51.04364912146676,460.6041536331177,"[8.309085221438764, 9.446744302157297, 8.508969525006748]",1.943424315830891,,,300.00491642951965,8.309085221438764,7.1137272595664545,0.8561384400309079,,,9.446744302157297,21.9508870282478,2.3236457266272152,,,8.508969525006748,21.97903483365251,2.5830430781376057,,,0.0,0.0,1.0,0.0,0.0,8.309085221438764,22.07524609843938,0.0,0.0,1.0,0.0,0.0,9.446744302157297,22.409315726290522,0.0,0.0,1.0,0.0,0.0,8.508969525006748,20.10420168067227,0.0,0.0,1.0,0.0,90.85356255400497,64.58876350540214,3.8741496598639458,1.1827731092436975,1.0,-2.220446049250313e-15,-2.7755575615628914e-16,"[((0, 2), 6515), ((1, 1), 2956), ((0, 3), 525)]",[-5.55111512e-17 -2.22044605e-16]
feb8_3p_5supply_feb8_3p_5supply_3_base_dev1000_rho1_t3-feb10_ppo_bestppo_4-103,feb8_3p_5supply/feb8_3p_5supply_3_base_dev1000_rho1_t3.json,103,feb10_ppo_bestppo_4,PPO,feb8_3p_5supply_3,SHOW_DEMAND,ON,UNDERSELL,DROP_BY_PLAYER,1,0.2,quasi_linear,base,1.0,3,1000,True,3552256,28804.781876325607,,320.19165539741516,"[8.400315811995656, 9.492930284492832, 8.81223807695134]",,,,300.00363326072693,8.400315811995656,,,,,9.492930284492832,,,,,8.81223807695134,,,,,0.0,0.0,1.0,0.0,0.0,8.400315811995656,22.09637454981993,0.0,0.0,1.0,0.0,0.0,9.492930284492832,22.213973589435778,0.0,0.0,1.0,0.0,0.0,8.81223807695134,19.903961584633855,0.0,0.0,1.0,0.0,90.9197938973294,64.21430972388954,3.718187274909964,1.055422168867547,0.9260704281712685,8.881784197001252e-16,1.6653345369377348e-16,"[((0, 2), 6320), ((1, 1), 2940), ((0, 3), 736)]",[-5.55111512e-17  2.22044605e-16]
feb8_3p_5supply_feb8_3p_5supply_3_base_dev1000_rho1_t3_tie_break-feb10_ppo_bestppo_4-100,feb8_3p_5supply/feb8_3p_5supply_3_base_dev1000_rho1_t3_tie_break.json,100,feb10_ppo_bestppo_4,PPO,feb8_3p_5supply_3,SHOW_DEMAND,ON,UNDERSELL,DROP_BY_LICENSE,1,0.2,quasi_linear,tie_break,1.0,3,1000,True,3387392,28801.799535036087,33.09111280602781,56.2332284450531,"[8.385585888888487, 9.256956732072341, 8.224272646049121]",1.279288248841039,,,300.0013020038605,8.385585888888487,9.416518200820457,1.1229409996620547,,,9.256956732072341,9.241286100934268,0.9983071508713247,,,8.224272646049121,14.433308504273086,1.7549647397945567,,,0.0,0.0,1.0,0.0,0.0,8.385585888888487,21.011529223378705,0.0,0.0,1.0,0.0,0.0,9.256956732072341,21.084931945556445,0.0,0.0,1.0,-1.0174936903678604,0.01501200960768615,8.224272646049121,20.915164131305044,0.0,0.0,1.0,0.01501200960768615,88.87844056725014,63.01162530024018,3.247097678142514,1.0740592473979182,1.0,6.661338147750939e-16,5.551115123125783e-17,"[((0, 2), 6071), ((1, 1), 2984), ((1, 0), 485), ((0, 3), 452)]",[5.55111512e-17 0.00000000e+00]
feb8_3p_5supply_feb8_3p_5supply_3_base_dev1000_rho1_t3_tie_break-feb10_ppo_bestppo_4-101,feb8_3p_5supply/feb8_3p_5supply_3_base_dev1000_rho1_t3_tie_break.json,101,feb10_ppo_bestppo_4,PPO,feb8_3p_5supply_3,SHOW_DEMAND,ON,UNDERSELL,DROP_BY_LICENSE,1,0.2,quasi_linear,tie_break,1.0,3,1000,True,3571712,28800.48270702362,12.885723536526722,1158.2109832763672,"[8.38527878307106, 9.256956732072341, 8.22439362491072]",0.4981601377882422,,,300.0042026042938,8.38527878307106,2.267758252400939,0.27044518269079965,,,9.256956732072341,4.535423636358777,0.48994758943238986,,,8.22439362491072,6.082541647767006,0.7395732652366861,,,0.0,0.0,1.0,0.0,0.0,8.38527878307106,21.011529223378705,0.0,0.0,1.0,0.0,0.0,9.256956732072341,21.084931945556445,0.0,0.0,1.0,-1.0174936903678604,0.01501200960768615,8.22439362491072,20.915164131305044,0.0,0.0,1.0,0.01501200960768615,88.87825444029431,63.01162530024018,3.247097678142514,1.0740592473979182,1.0,6.661338147750939e-16,5.551115123125783e-17,"[((0, 2), 6071), ((1, 1), 2984), ((1, 0), 485), ((0, 3), 452)]",[5.55111512e-17 0.00000000e+00]
feb8_3p_5supply_feb8_3p_5supply_3_base_dev1000_rho1_t3_tie_break-feb10_ppo_bestppo_4-102,feb8_3p_5supply/feb8_3p_5supply_3_base_dev1000_rho1_t3_tie_break.json,102,feb10_ppo_bestppo_4,PPO,feb8_3p_5supply_3,SHOW_DEMAND,ON,UNDERSELL,DROP_BY_LICENSE,1,0.2,quasi_linear,tie_break,1.0,3,1000,True,3513344,28802.640437602997,38.12992356032753,2571.2426891326904,"[8.385713993130311, 9.25643327580879, 8.224018480423267]",1.474123529934756,,,300.0014908313751,8.385713993130311,19.72921444526238,2.3527173072471603,,,9.25643327580879,7.448784609902836,0.8047143416859979,,,8.224018480423267,10.951924505162316,1.3316998899300445,,,0.0,0.0,1.0,0.0,0.0,8.385713993130311,21.011529223378705,0.0,0.0,1.0,0.0,0.0,9.25643327580879,21.084931945556445,0.0,0.0,1.0,-1.0174936903678604,0.01501200960768615,8.224018480423267,20.915164131305044,0.0,0.0,1.0,0.01501200960768615,88.87779104960256,63.01162530024018,3.247097678142514,1.0740592473979182,1.0,6.661338147750939e-16,5.551115123125783e-17,"[((0, 2), 6071), ((1, 1), 2984), ((1, 0), 485), ((0, 3), 452)]",[5.55111512e-17 0.00000000e+00]
feb8_3p_5supply_feb8_3p_5supply_3_base_dev1000_rho1_t3_tie_break-feb10_ppo_bestppo_4-103,feb8_3p_5supply/feb8_3p_5supply_3_base_dev1000_rho1_t3_tie_break.json,103,feb10_ppo_bestppo_4,PPO,feb8_3p_5supply_3,SHOW_DEMAND,ON,UNDERSELL,DROP_BY_LICENSE,1,0.2,quasi_linear,tie_break,1.0,3,1000,True,3371008,28802.98123216629,51.69964562373534,315.9963524341583,"[8.385713993130311, 9.256956732072341, 8.224272646049121]",1.9986762595689502,,,300.0056610107422,8.385713993130311,21.135344750323846,2.520398950839273,,,9.256956732072341,23.405768433897357,2.528451748381192,,,8.224272646049121,7.15853243951414,0.8704152631604505,,,0.0,0.0,1.0,0.0,0.0,8.385713993130311,21.011529223378705,0.0,0.0,1.0,0.0,0.0,9.256956732072341,21.084931945556445,0.0,0.0,1.0,-1.0174936903678604,0.01501200960768615,8.224272646049121,20.915164131305044,0.0,0.0,1.0,0.01501200960768615,88.87856867149196,63.01162530024018,3.247097678142514,1.0740592473979182,1.0,6.661338147750939e-16,5.551115123125783e-17,"[((0, 2), 6071), ((1, 1), 2984), ((1, 0), 485), ((0, 3), 452)]",[5.55111512e-17 0.00000000e+00]
feb8_3p_5supply_feb8_3p_5supply_3_base_dev1000_rho1_t3_tie_break-feb10_ppo_bestppo_4-104,feb8_3p_5supply/feb8_3p_5supply_3_base_dev1000_rho1_t3_tie_break.json,104,feb10_ppo_bestppo_4,PPO,feb8_3p_5supply_3,SHOW_DEMAND,ON,UNDERSELL,DROP_BY_LICENSE,1,0.2,quasi_linear,tie_break,1.0,3,1000,True,3362816,28804.214300870895,16.3487500743541,263.0831141471863,"[8.385678562800255, 9.256956732072341, 8.224018480423267]",0.6320396219927021,,,300.0065269470215,8.385678562800255,10.190016033434583,1.2151689284440925,,,9.256956732072341,2.113820383276485,0.22834938570608043,,,8.224018480423267,4.044913657643032,0.4918415087796412,,,0.0,0.0,1.0,0.0,0.0,8.385678562800255,21.011529223378705,0.0,0.0,1.0,0.0,0.0,9.256956732072341,21.084931945556445,0.0,0.0,1.0,-1.0174936903678604,0.01501200960768615,8.224018480423267,20.915164131305044,0.0,0.0,1.0,0.01501200960768615,88.87827907553606,63.01162530024018,3.247097678142514,1.0740592473979182,1.0,6.661338147750939e-16,5.551115123125783e-17,"[((0, 2), 6071), ((1, 1), 2984), ((1, 0), 485), ((0, 3), 452)]",[5.55111512e-17 0.00000000e+00]
feb8_3p_5supply_feb8_3p_5supply_4_base_dev1000_rho1_t3-feb10_ppo_bestppo_4-100,feb8_3p_5supply/feb8_3p_5supply_4_base_dev1000_rho1_t3.json,100,feb10_ppo_bestppo_4,PPO,feb8_3p_5supply_4,SHOW_DEMAND,ON,UNDERSELL,DROP_BY_PLAYER,1,0.2,quasi_linear,base,1.0,3,1000,True,3452928,28806.26203393936,4.061553330036613,2071.9287507534027,"[9.24415493989892, 9.577623093924796, 11.935266255870435]",0.13205278412911509,,,300.001784324646,9.24415493989892,1.3428368510902757,0.1452633431417755,,,9.577623093924796,2.5569278636545114,0.266968937760393,,,11.935266255870435,0.16178861529182598,0.013555509514691325,,,0.0,0.0,1.0,0.0,0.0,9.24415493989892,20.943332332632846,0.0,0.0,1.0,0.0,0.0,9.577623093924796,20.88670069048334,0.0,0.0,1.0,0.0,0.0,11.935266255870435,23.183956769738817,0.0,0.0,1.0,0.0,95.77103408254915,65.01398979285499,4.037826478534974,1.1730211147803462,1.0,0.0,0.0,"[((0, 2), 7849), ((1, 1), 2144)]",[0. 0.]
feb8_3p_5supply_feb8_3p_5supply_4_base_dev1000_rho1_t3-feb10_ppo_bestppo_4-102,feb8_3p_5supply/feb8_3p_5supply_4_base_dev1000_rho1_t3.json,102,feb10_ppo_bestppo_4,PPO,feb8_3p_5supply_4,SHOW_DEMAND,ON,UNDERSELL,DROP_BY_PLAYER,1,0.2,quasi_linear,base,1.0,3,1000,True,3449856,28802.99512410164,,300.3908681869507,"[9.243862163738296, 9.577623093924796, 11.935266255870435]",,,,300.00384044647217,9.243862163738296,,,,,9.577623093924796,,,,,11.935266255870435,,,,,0.0,0.0,1.0,0.0,0.0,9.243862163738296,20.943332332632846,0.0,0.0,1.0,0.0,0.0,9.577623093924796,20.88670069048334,0.0,0.0,1.0,0.0,0.0,11.935266255870435,23.183956769738817,0.0,0.0,1.0,0.0,95.77074130638853,65.01398979285499,4.037826478534974,1.1730211147803462,1.0,0.0,0.0,"[((0, 2), 7849), ((1, 1), 2144)]",[0. 0.]
feb8_3p_5supply_feb8_3p_5supply_4_base_dev1000_rho1_t3-feb10_ppo_bestppo_4-101,feb8_3p_5supply/feb8_3p_5supply_4_base_dev1000_rho1_t3.json,101,feb10_ppo_bestppo_4,PPO,feb8_3p_5supply_4,SHOW_DEMAND,ON,UNDERSELL,DROP_BY_PLAYER,1,0.2,quasi_linear,base,1.0,3,1000,True,3484672,28805.56095647812,3.979017870771152,344.31680393218994,"[9.257532715381663, 9.72910546955287, 11.831119802587468]",0.12911444993442553,,,300.00374388694763,9.257532715381663,2.1013621563605724,0.22698943886734502,,,9.72910546955287,0.541745228271477,0.05568294330520548,,,11.831119802587468,1.3359104861391025,0.11291496565244302,,,0.0,0.0,1.0,0.0,0.0,9.257532715381663,21.102087043521767,0.0,0.0,1.0,0.0,0.0,9.72910546955287,21.65604402201101,0.0,0.0,1.0,0.0,0.0,11.831119802587468,22.26546873436719,0.0,0.0,1.0,0.0,95.84135778742196,65.02359979989994,4.041220610305152,1.190895447723862,1.0,0.0,0.0,"[((0, 2), 7590), ((1, 1), 2405)]",[0. 0.]
feb8_3p_5supply_feb8_3p_5supply_4_base_dev1000_rho1_t3-feb10_ppo_bestppo_4-103,feb8_3p_5supply/feb8_3p_5supply_4_base_dev1000_rho1_t3.json,103,feb10_ppo_bestppo_4,PPO,feb8_3p_5supply_4,SHOW_DEMAND,ON,UNDERSELL,DROP_BY_PLAYER,1,0.2,quasi_linear,base,1.0,3,1000,True,3449856,28804.976361989975,16.312132996599168,51.16383385658264,"[9.243218470689989, 9.577623093924796, 11.935266255870435]",0.5303705232082199,,,300.00397992134094,9.243218470689989,4.1882290465780585,0.45311371356836655,,,9.577623093924796,9.420934805858675,0.9836401697446718,,,11.935266255870435,2.7029691441624326,0.2264691114731488,,,0.0,0.0,1.0,0.0,0.0,9.243218470689989,20.943332332632846,0.0,0.0,1.0,0.0,0.0,9.577623093924796,20.88670069048334,0.0,0.0,1.0,0.0,0.0,11.935266255870435,23.183956769738817,0.0,0.0,1.0,0.0,95.77009761334021,65.01398979285499,4.037826478534974,1.1730211147803462,1.0,0.0,0.0,"[((0, 2), 7849), ((1, 1), 2144)]",[0. 0.]
feb8_3p_5supply_feb8_3p_5supply_4_base_dev1000_rho1_t3-feb10_ppo_bestppo_4-104,feb8_3p_5supply/feb8_3p_5supply_4_base_dev1000_rho1_t3.json,104,feb10_ppo_bestppo_4,PPO,feb8_3p_5supply_4,SHOW_DEMAND,ON,UNDERSELL,DROP_BY_PLAYER,1,0.2,quasi_linear,base,1.0,3,1000,True,3746816,28804.340225458145,52.075582739466476,455.3302912712097,"[9.253100435594158, 9.59820275056464, 11.878008427818605]",1.6946550379533918,,,300.0056390762329,9.253100435594158,7.405305092572682,0.8003052754173606,,,9.59820275056464,27.290828502731358,2.843326944841408,,,11.878008427818605,17.379449144162436,1.4631618801902273,,,0.0,0.0,1.0,0.0,0.0,9.253100435594158,21.083971176941557,0.0,0.0,1.0,0.0,0.0,9.59820275056464,21.025844675740593,0.0,0.0,1.0,0.0,0.0,11.878008427818605,22.899487590072063,0.0,0.0,1.0,0.0,95.73861505673162,65.00930344275417,4.0355284227381905,1.2564051240992795,1.0,-1.5543122344752192e-15,-2.220446049250313e-16,"[((0, 2), 7616), ((1, 1), 2376)]",[ 0.00000000e+00 -2.22044605e-16]
feb8_3p_5supply_feb8_3p_5supply_4_base_dev1000_rho1_t3_tie_break-feb10_ppo_bestppo_4-100,feb8_3p_5supply/feb8_3p_5supply_4_base_dev1000_rho1_t3_tie_break.json,100,feb10_ppo_bestppo_4,PPO,feb8_3p_5supply_4,SHOW_DEMAND,ON,UNDERSELL,DROP_BY_LICENSE,1,0.2,quasi_linear,tie_break,1.0,3,1000,True,3335168,28806.450820446014,,300.0002076625824,"[9.135923350350392, 9.665975470931041, 11.100300856165346]",,,,300.0091276168823,9.135923350350392,,,,,9.665975470931041,,,,,11.100300856165346,,,,,0.0,0.0,1.0,0.0,0.0,9.135923350350392,20.95382029217531,0.0,0.0,1.0,0.0,0.0,9.665975470931041,21.01448068841305,0.0,0.0,1.0,0.0,0.0,11.100300856165346,21.185847508505105,0.0,0.0,1.0,0.0,93.05634816654023,63.15414848909344,3.2971783069841907,1.064338603161897,1.0,-1.5543122344752192e-15,-2.220446049250313e-16,"[((0, 2), 6294), ((1, 1), 2729), ((1, 0), 510), ((0, 3), 461)]",[ 0.00000000e+00 -2.22044605e-16]
feb8_3p_5supply_feb8_3p_5supply_4_base_dev1000_rho1_t3_tie_break-feb10_ppo_bestppo_4-101,feb8_3p_5supply/feb8_3p_5supply_4_base_dev1000_rho1_t3_tie_break.json,101,feb10_ppo_bestppo_4,PPO,feb8_3p_5supply_4,SHOW_DEMAND,ON,UNDERSELL,DROP_BY_LICENSE,1,0.2,quasi_linear,tie_break,1.0,3,1000,True,3580928,28801.824276685715,19.905565415457392,12.429155826568604,"[9.132157252357723, 9.713642512557021, 11.117191668752872]",0.664338387558016,,,300.0009391307831,9.132157252357723,2.330444093537265,0.2551909728597364,,,9.713642512557021,2.3491465406601364,0.24183992128836812,,,11.117191668752872,15.22597478125999,1.3695882229012646,,,0.0,0.0,1.0,0.0,0.0,9.132157252357723,20.83484245273582,0.0,0.0,1.0,0.0,0.0,9.713642512557021,21.05628488546564,0.0,0.0,1.0,0.0,0.0,11.117191668752872,21.184195258577574,0.0,0.0,1.0,0.0,93.03831403044664,63.07532259677901,3.270581174352306,1.0562168650595178,1.0,0.0,0.0,"[((0, 2), 6511), ((1, 1), 2544), ((1, 0), 495), ((0, 3), 447)]",[0. 0.]
feb8_3p_5supply_feb8_3p_5supply_4_base_dev1000_rho1_t3_tie_break-feb10_ppo_bestppo_4-102,feb8_3p_5supply/feb8_3p_5supply_4_base_dev1000_rho1_t3_tie_break.json,102,feb10_ppo_bestppo_4,PPO,feb8_3p_5supply_4,SHOW_DEMAND,ON,UNDERSELL,DROP_BY_LICENSE,1,0.2,quasi_linear,tie_break,1.0,3,1000,True,3333120,28806.14745950699,28.41249906090179,25.552713871002197,"[9.132216840146862, 9.7135508252993, 11.117115749031699]",0.9482565034836756,,,300.00436305999756,9.132216840146862,10.676363061185747,1.169087774421928,,,9.7135508252993,7.676795165165117,0.7903181136573272,,,11.117115749031699,10.059340834550927,0.9048516775070095,,,0.0,0.0,1.0,0.0,0.0,9.132216840146862,20.83484245273582,0.0,0.0,1.0,0.0,0.0,9.7135508252993,21.05628488546564,0.0,0.0,1.0,0.0,0.0,11.117115749031699,21.184195258577574,0.0,0.0,1.0,0.0,93.03820601125689,63.07532259677901,3.270581174352306,1.0562168650595178,1.0,0.0,0.0,"[((0, 2), 6511), ((1, 1), 2544), ((1, 0), 495), ((0, 3), 447)]",[0. 0.]
feb8_3p_5supply_feb8_3p_5supply_4_base_dev1000_rho1_t3_tie_break-feb10_ppo_bestppo_4-103,feb8_3p_5supply/feb8_3p_5supply_4_base_dev1000_rho1_t3_tie_break.json,103,feb10_ppo_bestppo_4,PPO,feb8_3p_5supply_4,SHOW_DEMAND,ON,UNDERSELL,DROP_BY_LICENSE,1,0.2,quasi_linear,tie_break,1.0,3,1000,True,3359744,28801.3109998703,15.8750770532127,15.331905841827393,"[9.132363224626284, 9.713686028583641, 11.11725309603681]",0.529817336826753,,,300.01015043258667,9.132363224626284,5.574278929311101,0.6103873435826039,,,9.713686028583641,3.376628634342473,0.34761558325092595,,,11.11725309603681,6.924169489559127,0.6228309664036995,,,0.0,0.0,1.0,0.0,0.0,9.132363224626284,20.83484245273582,0.0,0.0,1.0,0.0,0.0,9.713686028583641,21.05628488546564,0.0,0.0,1.0,0.0,0.0,11.11725309603681,21.184195258577574,0.0,0.0,1.0,0.0,93.03862494602576,63.07532259677901,3.270581174352306,1.0562168650595178,1.0,0.0,0.0,"[((0, 2), 6511), ((1, 1), 2544), ((1, 0), 495), ((0, 3), 447)]",[0. 0.]
feb8_3p_5supply_feb8_3p_5supply_4_base_dev1000_rho1_t3_tie_break-feb10_ppo_bestppo_4-104,feb8_3p_5supply/feb8_3p_5supply_4_base_dev1000_rho1_t3_tie_break.json,104,feb10_ppo_bestppo_4,PPO,feb8_3p_5supply_4,SHOW_DEMAND,ON,UNDERSELL,DROP_BY_LICENSE,1,0.2,quasi_linear,tie_break,1.0,3,1000,True,3380224,28806.521015167236,9.539370883534485,405.8109095096588,"[9.132157252357723, 9.714115174746535, 11.117211076479958]",0.3183665504844719,,,300.0002462863922,9.132157252357723,3.1815280114846605,0.34838734414732725,,,9.714115174746535,3.3954478514198287,0.3495375327901055,,,11.117211076479958,2.9623950206299963,0.2664692610629085,,,0.0,0.0,1.0,0.0,0.0,9.132157252357723,20.83484245273582,0.0,0.0,1.0,0.0,0.0,9.714115174746535,21.05628488546564,0.0,0.0,1.0,0.0,0.0,11.117211076479958,21.184195258577574,0.0,0.0,1.0,0.0,93.03880610036323,63.07532259677901,3.270581174352306,1.0562168650595178,1.0,0.0,0.0,"[((0, 2), 6511), ((1, 1), 2544), ((1, 0), 495), ((0, 3), 447)]",[0. 0.]
